26285000122*UACPR*Premium Cleaning Kit with Alum Case, Box*BUSHNELL
26285013238*1323P*Rifle Chamber Brush, AR, 5.56mm /.223, Double Diameter, Ca*BUSHNELL
26285013252*1325P*Rifle Chamber Brush, AR, 7.62mm /.308, Double Diameter, Ca*BUSHNELL
26285014617*1461BK*3 Pack Bore, Chamber Brush,Mop, 5.56mm / .223 , Card E/F*BUSHNELL
26285132335*1323P3*AR Rifle Chamber Brush, 5.56mm/.223 3 Pack, Card E/F*BUSHNELL
26285132533*1325P3*AR Rifle Chamber Brush, 7.626mm/.308 3 Pack, Card E/F*BUSHNELL
26285173604*ER1736CH*Elite Handle + Rod,.17-.20 Cal 36" Rifle Coated, Card E/F*BUSHNELL
26285223804*ER2238CH*Elite Handle + Rod .220 Cal. - 6.5mm 38" Rifle Coated,Card*BUSHNELL
26285228007*ER228SH*Elite Handle + Rod .22+ Caliber 8" Pistol, Stainless, Card*BUSHNELL
26285230079*24001V*Viper .30, .32 Cal Pistol,, Clam E/F*BUSHNELL
26285230086*24017V*Viper .338, .340 Caliber Rifle,, Clam E/F*BUSHNELL
26285230093*24018V*Viper,.35, .350, .357, .358, .375 Caliber Rif*BUSHNELL
26285230109*24019V*Viper .416, .44, .45-70, .458,, .460 Cal Rifle, Clam*BUSHNELL
26285230116*24031V*Viper .410 Gauge Shotgun, Clam E/F*BUSHNELL
26285240009*24000*Boresnake .22 Caliber Pistol and Revolver, Clam*BUSHNELL
26285240016*24001*.30, .32 Caliber Pistol and Revolver, Clam*BUSHNELL
26285240023*24002*.357, 9mm, .380, .38 Caliber Pistol and Revolver, Clam*BUSHNELL
26285240030*24003*.40, .41 Caliber Pistol and Revolver, Clam*BUSHNELL
26285240047*24004*.44, .45 Caliber Pistol and Revolver, Clam*BUSHNELL
26285240092*24009*.177 Airgun No Brush, Clam*BUSHNELL
26285240108*24010*.17 Caliber Centerfire, .17HMR Rifle, Clam*BUSHNELL
26285240115*24011*M-16, .22 - .225 Caliber Rifle Clam*BUSHNELL
26285240122*24012*6mm, .240, .243, .244 Caliber Weatherby Rifle, Clam*BUSHNELL
26285240139*24013*.257 - .264 Caliber Rifle , Clam*BUSHNELL
26285240146*24014*7mm, .270, .284, .280 Caliber Rifle, Clam*BUSHNELL
26285240153*24015*.308 - .30 Caliber Rifle, Clam*BUSHNELL
26285240160*24016*.32, 8mm Caliber Rifle, Clam*BUSHNELL
26285240177*24017*.338, .340 Caliber Rifle, Clam*BUSHNELL
26285240184*24018*.35 - .375 Caliber Rifle, Clam*BUSHNELL
26285240191*24019*.416 - .460 Caliber Rifle , Clam*BUSHNELL
26285240207*24020*.50, .54 Caliber Rifle, Clam*BUSHNELL
26285240238*24020V*.50, .54 Caliber Rifle Viper , Clam E/F*BUSHNELL
26285240245*24000V*.22 Caliber Pistol Viper , Clam E/F*BUSHNELL
26285240252*24025*.204 Caliber Rifle, Clam*BUSHNELL
26285240313*24031*.410 Gauge Shotgun, Clam*BUSHNELL
26285240320*24032*28 Gauge Shotgun, Clam*BUSHNELL
26285240337*24033*20 Gauge Shotgun, Clam*BUSHNELL
26285240344*24034*16 Gauge Shotgun, Clam*BUSHNELL
26285240351*24035*12 Gauge Shotgun, Clam*BUSHNELL
26285240368*24036*10 Gauge Shotgun, Clam*BUSHNELL
26285240405*24040*37mm, 40mm Gas Gun, Clam*BUSHNELL
26285240955*24012V*Viper 6mm, .240, .243, .244 Cal. Rifle Viper,*BUSHNELL
26285241013*24011V*M-16, .22-.223 Caliber, 5.56mm Rifle Viper, Clam E/F*BUSHNELL
26285241020*24002V*9MM, .357, .380, .38 Caliber Pistol Viper, Clam E/F*BUSHNELL
26285241044*24004V*.44-.45 Caliber Pistol Viper , Clam E/F*BUSHNELL
26285241051*24014V*7MM, .270-.284 Caliber Rifle Viper, Clam E/F*BUSHNELL
26285241068*24015V*.30-.308 Caliber Rifle Viper , Clam E/F*BUSHNELL
26285241075*24035V*12 Gauge Shotgun Viper, Clam E/F*BUSHNELL
26285273809*ER2738CH*Elite Handle + Rod .270 Cal.-.30 Cal. 38"Rifle Coated, Card*BUSHNELL
26285300154*9GO*Lubricating Oil Wipes Orange , Loose*BUSHNELL
26285430004*ERBP44SH*Elite Handle + Rod, Shotgun/Blackpowder 44" Stainless, Card*BUSHNELL
26285510072*SGU*Rod All Gauge Shotgun Alum , Poly Bag*BUSHNELL
26285510096*3PU*Rod All Caliber Aluminum 3 Piece, Poly Bag*BUSHNELL
26285510126*1303*Brush .22 Caliber, Card*BUSHNELL
26285510133*1305*Brush .30 Caliber, Card*BUSHNELL
26285510140*1306*Brush .22 Caliber Pistol , Card*BUSHNELL
26285510157*1307*Brush .38 Caliber Pistol , Card*BUSHNELL
26285510164*1308*Brush .45 Caliber Pistol, Card*BUSHNELL
26285510171*1310*Brush .243 - .25 Caliber, Card*BUSHNELL
26285510195*1312*Brush 20 Gauge Shotgun, Card*BUSHNELL
26285510218*1314*Brush 12 Gauge, Card*BUSHNELL
26285510225*1317*Swab .410 Gauge, Card*BUSHNELL
26285510232*1318*Swab 20 Gauge, Card*BUSHNELL
26285510256*1320*Swab 12 Gauge, Card*BUSHNELL
26285510324*1202*Patch .22 - .270 Caliber No 2 60 Pack, Poly Bag*BUSHNELL
26285510331*1203*Patch .270 - .35 Caliber No 3 50 Pack, Poly Bag*BUSHNELL
26285510348*1204*Patch .38-.45 Cal, .410-20 Ga No 4 40 Pack, Poly Bag*BUSHNELL
26285510355*1205*Patch 16 - 12 Gauge No 5 25 Pack, Poly Bag*BUSHNELL
26285510386*1217*Gun Cloth Wax Treated 12x17" , Poly Bag*BUSHNELL
26285510607*1215*Rust and Lead Remover Quick Clean, Poly Bag*BUSHNELL
26285510782*1201*Patch No 1 Small Bore 60 Pack , Poly Bag*BUSHNELL
26285510799*1304*Brush .270 Caliber, 7mm, Card*BUSHNELL
26285510812*1309*Brush .35 Caliber, 9mm, Card*BUSHNELL
26285510829*1315*Brush .44, .45 Caliber, Card*BUSHNELL
26285510836*1323*Swab .35 - .38 Caliber, Card*BUSHNELL
26285510843*1324*Swab .40 - .45 Caliber, Card*BUSHNELL
26285510850*1401*Adapter Rifle to Shotgun, Card*BUSHNELL
26285510867*1411*Knob End .22 Caliber, Card*BUSHNELL
26285510874*1412*Knob End .30 Caliber, Card*BUSHNELL
26285510881*1416*Slotted End 16, 12 Gauge, Card*BUSHNELL
26285510898*1422*Slotted End .22 Caliber, Card*BUSHNELL
26285510904*1430*Slotted End .30, .38, .45 Caliber, Card*BUSHNELL
26285510928*1252*Brush .35 Caliber Tornado , Card*BUSHNELL
26285510935*1256*Brush .38 Caliber Tornado , Card*BUSHNELL
26285510942*1257*Brush .45 Caliber Tornado , Card*BUSHNELL
26285510959*1260*Brush 12 Gauge Tornado, Card*BUSHNELL
26285510966*1262*Brush 20 Gauge Tornado, Card*BUSHNELL
26285511055*1218*Cleaning Cloth Silicone Gun and Reel, Poly Bag*BUSHNELL
26285511161*1250*Brush .22 Caliber Tornado , Card*BUSHNELL
26285511178*1251*Brush .30 Caliber Tornado , Card*BUSHNELL
26285511208*1321*Swab .22 - .270 Caliber, Card*BUSHNELL
26285511215*1322*Swab .280 - .32 Caliber, Card*BUSHNELL
26285511239*1441*Slotted End .410, 20 Gauge Card*BUSHNELL
26285511260*1301*Brush 6mm, Card*BUSHNELL
26285511772*1253*Brush .243 - .25 Caliber Tornado, Card*BUSHNELL
26285511789*1254*Brush .270 Caliber, 7mm Tornado, Card*BUSHNELL
26285512380*D17B*Cleaning Kit .17-.204 Caliber w/ 3 Piece Steel Rod, Clam*BUSHNELL
26285512649*1302P*Brush .17, .204 Caliber Phosphor Bronze, Card*BUSHNELL
26285512786*3PS17*Rod .17, .204 Caliber Steel 3 Piece, Clam*BUSHNELL
26285513813*1311P*Brush .410 Gauge Phosphor Bronze, Card*BUSHNELL
26285513820*1312P*Brush 20 Gauge Phosphor Bronze, Card*BUSHNELL
26285513837*1314P*Brush 12 Gauge Phosphor Bronze, Card*BUSHNELL
26285513844*1309P*Brush .35 Caliber, 9mm Phosphor Bronze, Card*BUSHNELL
26285513851*1305P*Brush .30 Caliber Phosphor Bronze, Card*BUSHNELL
26285513868*1304P*Brush .270 Caliber, 7mm Phosphor Bronze, Card*BUSHNELL
26285513875*1310P*Brush .243 - .25 Caliber Phosphor Bronze, Card*BUSHNELL
26285513882*1303P*Brush .22 Caliber Phosphor Bronze, Card*BUSHNELL
26285513899*1308P*Brush .45 Caliber Pistol, Phosphor Bronze, Card*BUSHNELL
26285513905*1307P*Brush 38 Caliber Pistol, Phosphor Bronze, Card*BUSHNELL
26285513912*1308AP*Brush 10mm Pistol, Phosphor Bronze, Card*BUSHNELL
26285513929*1306AP*Brush .32 Caliber Pistol, Phosphor Bronze, Card*BUSHNELL
26285513936*1306P*Brush .22 Caliber Pistol, Phosphor Bronze, Card*BUSHNELL
26285514117*1301P*Brush 6mm Phosphor Bronze , Card*BUSHNELL
26285514124*1315P*Brush .44, .45 Caliber Phosphor Bronze, Card*BUSHNELL
26285514131*1316P*Brush .38 Caliber Phosphor Bronze, Card*BUSHNELL
26285514148*1307AP*Brush 9mm Pistol, Phosphor Bronze, Card*BUSHNELL
26285514155*1311AP*Brush 28 Gauge Phosphor Bronze, Card*BUSHNELL
26285514162*1313P*Brush 16 Gauge Phosphor Bronze, Card*BUSHNELL
26285514179*1314AP*Brush 10 Gauge Phosphor Bronze, Card*BUSHNELL
26285514605*1PSS*Rod 1 Piece Rifle/Shotgun Universal, Poly Bag*BUSHNELL
26285514612*3PSS*Rod Rifle/Shotgun Universal 3 Piece, Poly Bag*BUSHNELL
26285514919*1380*Brush Utility Nylon, Card*BUSHNELL
26285514926*1380P*Brush Utility Phosphor Bronze , Card*BUSHNELL
26285515091*1202S*Patch .22 - .270 Caliber 500 Pack, Poly Bag*BUSHNELL
26285515107*1203S*Patch .270 - .35 Caliber 650 Pack, Poly Bag*BUSHNELL
26285515114*1204S*Patch .38 - .45 Caliber 500 Pack, Poly Bag*BUSHNELL
26285515121*BRL1*Bore Light, Card*BUSHNELL
26285515176*1258*Brush .40 Caliber Tornado , Card*BUSHNELL
26285515213*MAT2*Cleaning Mat 12x36", Poly Bag*BUSHNELL
26285515220*1205S*Patch 16, 12 Gauge 300 Pack Poly Bag*BUSHNELL
26285516319*1631*Gun Wipes Gun Oil, Oval Canister*BUSHNELL
26285516678*HCC*Cleaning Cradle, Clam*BUSHNELL
26285516685*UBG*Bore Guide Universal, Card*BUSHNELL
26285517019*1325*Swab .17, .204 Caliber, Card*BUSHNELL
26285517026*1302AP*Brush .17, .204 Caliber Phospor Bronze Male, Card*BUSHNELL
26285517033*1305AP*Brush .338 Caliber, 8mm Phosphor Bronze, Card*BUSHNELL
26285517057*1400*Adapter .17 - .22 Caliber*BUSHNELL
26285517743*1454BK*BrushKit .22 Caliber Rifle, Phosphor Bronze 3 Pack, Card*BUSHNELL
26285517750*1455BK*BrushKit .270 Caliber, 7mm Rifle, Phosphor Bronze 3 Pack, Card*BUSHNELL
26285517767*1456BK*BrushKit 30 Caliber Rifle, Phosphor Bronze 3 Pack, Card*BUSHNELL
26285517781*1458BK*BrushKit 20 Gauge Shotgun, Phosphor Bronze 3 Pack, Card*BUSHNELL
26285517798*1459BK*BrushKit 12 Gauge Shotgun, Phosphor Bronze 3 Pack, Card*BUSHNELL
26285517866*EPP17*Jag .17, .20 Caliber Rifle Pierce Point, Elite, Card*BUSHNELL
26285517873*EPP22*Jag .22 - .243 Caliber, 6mm Pierce Point, Elite, Card*BUSHNELL
26285517897*EPP27*Jag .270 Caliber, 7mm Pierce Point, Elite, Card*BUSHNELL
26285517903*EPP30*Jag .30 - 8mm Pierce Point, Elite, Card*BUSHNELL
26285518351*ECRH*Elite Cleaning Rod System Soft Handle, Clam*BUSHNELL
26285518573*ERBP44S*Rod Shotgun/Blackpowder 44" Stainless, Elite, Card*BUSHNELL
26285841701*PKI*Deluxe Pistol Cleaning Kit Orange, Clam E/F*BUSHNELL
26285841756*BSZC*Boresnake Zippered Case Black w/ Boresnake Handle, Card E/F*BUSHNELL
26285841824*UAC76*Cleaning Kit Universal Accessory, Box*BUSHNELL
26285841831*UAC102*Cleaning Kit Universal Accessory Deluxe, Box*BUSHNELL
26285910131*9107151107*Boresnake Counter Mat*BUSHNELL
26285914191*9108170908*Hoppe's Elite Counter Mat*BUSHNELL
26285914382*9108301008*9 Event Banner*BUSHNELL
26285914399*9108311108*Blade Hook*BUSHNELL
26285914405*9108321108*Hoppe's Bore Snake Blade*BUSHNELL
26285914412*9108331108*Hoppe's 9 Blade*BUSHNELL
26285914429*9108341108*Hoppe's Elite Blade*BUSHNELL
26285915112*9108980609*Hoppe's 9 Antique Metal Sign III*BUSHNELL
26285915556*9109381109*M-Pro 7 Blade*BUSHNELL
26285915563*9109391109*M-Pro 7 Counter Mat*BUSHNELL
26285915822*9109650210*Hoppe's 9, Hoppe's Elite & M-Pro 7 Event Banner*BUSHNELL
29757002112*PP1025*2.5W PowerSync Solar - Black,1x USB, Box*BUSHNELL
29757002129*PP1040*4.0W PowerSync Solar - Black,1x USB, Box*BUSHNELL
29757002143*PP1010*PowerSync Solar Wrap Mini, 1x USB, Box*BUSHNELL
29757002181*PP2020*20Whr PowerSync Battery,- Battery Store 2x USB, Box*BUSHNELL
29757006004*10T600*6AA Flashlight ENGLISH ONLY CLAM*BUSHNELL
29757009005*10T1000*9AA Flashlight 1KL BOX MULTI LANG BOX*BUSHNELL
29757010001*ET1040*10x40 Matte Mil Dot, FMC, Argon, Box*BUSHNELL
29757010025*ET5154*5-15x40 Matte Mil Dot, FMC, Argon, AO, Sunshade, Box*BUSHNELL
29757010032*ET6245*6-24x50 Matte Mil Dot, FMC, Argon, SF, Sunshade, Box*BUSHNELL
29757010049*ET2164*2.5-16x42 Matte, Mil Dot, FMC, Argon, 30MM, SF, Box*BUSHNELL
29757010063*ET6245F*6-24x50 Matte, Illum Mil Dot FFP, FMC, Argon, 30MM, SF, Box*BUSHNELL
29757010070*ET4305*4.5-30x50 Matte, Mil Dot, FMC, Argon, 30MM, SF, Box*BUSHNELL
29757022080*202208*4x20 Bone Collector LRF, RealTree Xtra, Box*BUSHNELL
29757024213*202421*7x26 Elite 1 Mile FDE Horz, ARC VDT ESP VSI Waterproof, Box 6L*BUSHNELL
29757024428*202442*4x20 The Truth w/ ClearShot, Black Vert Clearshot, ARC Bow, Box 6L*BUSHNELL
29757024602*202460*6x21 G Force DX 1300 ARC Black, Vertical, Rifle & Bow Mode, Box 6L*BUSHNELL
29757024619*202461*6x21 G Force DX 1300 ARC Camo, Vertical, Rifle & Bow Mode, Box 6L*BUSHNELL
29757025401*202540*7x26 Elite 1 Mile Con-X Brown, Horz, BlueT ARC, VDT, ESP, WP, Box 6L*BUSHNELL
29757031242*E3124H*Elite Tactical Hunter Matte, 3-12x 44 ,G2H, FFP, Zero Stop, Box*BUSHNELL
29757081001*81000*Picatinny Rails for LMSS Black, (Bottom, Top, Side), Box*BUSHNELL
29757081018*81001*Extended Objective Picatinny, Rail ,Black*BUSHNELL
29757081025*81002*Picatinny Hi Rise Mount ,Black, Fits LMSS, Box*BUSHNELL
29757096562*119656C*Trophy Cam HD Brown, Solar Panel, Clam*BUSHNELL
29757097729*119775CN*14MP Trophy Cam Aggresor HD, Realtree Xtra Low Glow, Trap*BUSHNELL
29757097743*119774CN*14MP Trophy Cam Aggresor HD, Brown Low Glow, Trap*BUSHNELL
29757100122*ET45305GZ*4.5-30X50 XRS  34mm , SF, Zero-Stop, G2DMR, Matte Black*BUSHNELL
29757100139*ET45305Z*4.5-30X50 EXRS MATTE BLACK 34mm TUBE, SIDEFOCUS, Z-STOP, H-59*BUSHNELL
29757100993*10T100ML*1AA Flashlight MULTI LANG BOX*BUSHNELL
29757101501*10H150ML*3AA Headlamp Multi Language BOX*BUSHNELL
29757101921*101911*+/- 1 MPH Velocity Grey Point & Shoot, Clam*BUSHNELL
29757102003*10A200ML*4AA Lantern, collapsible MULTI LANG BOX*BUSHNELL
29757102010*10T200ML*2AA Flashlight MULTI LANG BOX*BUSHNELL
29757102508*10H250ML*3AA Headlamp w. Auto-Dimming Multi Language BOX*BUSHNELL
29757103000*10T300HDM*4AA HD Torch MULTI LANG BOX*BUSHNELL
29757103017*10T300ML*4AA Flashlight MULTI LANG BOX*BUSHNELL
29757103208*ET1X32*Elite Tactical Red Dot Matte, 1x32 3 moa dot, Box*BUSHNELL
29757103505*10A350ML*4D Lantern MULTI LANG BOX*BUSHNELL
29757104328*610432*4x32 Black Matte Circle-X, Box*BUSHNELL
29757111067*111026*10x25mm ImageView Black 1.3 MP 2GB SD Card Slot, Box*BUSHNELL
29757111548*111545*15-45x70 5MP Imageview Spotting Scope Black, Porro, Box*BUSHNELL
29757114327*611432*1-4x32 Black Matte Circle-X , Box*BUSHNELL
29757114365*611436*1.75-4x32 Black Matte Circle-X 6" Eye Relief, Box*BUSHNELL
29757115461*611546*1.5-4x32 Black Matte Multi-X , Box*BUSHNELL
29757118042*118042C*8x40 Birder Combo Tan Porro,CD+Field Log LeadFree Glss, Clam 6 Lang*BUSHNELL
29757118288*118328*12mp 720p Imageview Black,HD, 8x30mm, Box*BUSHNELL
29757119629*119652C*Tree Bracket Trophy Cam Black Deluxe, Clam*BUSHNELL
29757119636*119653C*Security Case Trophy Cam Brown , Clam*BUSHNELL
29757120151*120150*10x50mm Black Porro Prism WP,FP, Box*BUSHNELL
29757120212*119514CN*2,4,6 MP Surveillance Camera, No Glow Black LED*BUSHNELL
29757120229*119513CN*2,5 MP Surveillance Camera, Low Glow LED*BUSHNELL
29757120847*120842*8x42mm Black Porro Prism WP,FP, Box*BUSHNELL
29757121226*121225*10-22x50mm Black Porro Prism Water Resistant Zoom, Box*BUSHNELL
29757130105*130105*10x25 Black Roof BAK-4, WP/FP, Twist Up Eyecups, Box 6 L*BUSHNELL
29757130112*130106*10x25 Camo Roof BAK-4, WP/FP, Twist Up Eyecups, Box 6 L*BUSHNELL
29757130532*130521*4x30mm Black Extra Wide FOV, Deluxe Case, Box*BUSHNELL
29757131089*131055*10x50mm RTAP,Porro Prism, Box 6 Language*BUSHNELL
29757131225*131225*12x25mm Black Roof Prism Compact, Box*BUSHNELL
29757131232*131225C*12x25mm Black Roof Prism Compact, Clam*BUSHNELL
29757131256*131250*12x50mm Black Porro Prism , Box*BUSHNELL
29757131270*131250CM*12x50 InstaFocus®, WA, MC,  (Bilingual Clam)*BUSHNELL
29757131317*131032C*10x32mm Black Roof Prism FRP , Clam*BUSHNELL
29757131324*131032*10x32mm Black Roof Prism FRP , Box*BUSHNELL
29757131638*131632*16x32mm Black Roof Prism Compact, Box*BUSHNELL
29757131645*131632C*16x32mm Black Roof Prism Compact, Clam*BUSHNELL
29757131652*131650*16x50mm Black Porro Prism, Box*BUSHNELL
29757131669*131633C*16x32mm Camo Roof Prism Compact, Clam*BUSHNELL
29757132055*132050*20x50mm Black Porro Prism, Box*BUSHNELL
29757132116*132105*12x25 Black Roof BAK-4, WP/FP, Twist Up Eyecups, Box 6 L*BUSHNELL
29757132147*132140CM*7-21x40 InstaFocus®, MC, RA,  (Bilingual Clam)*BUSHNELL
29757132321*131232*12x32mm Black Roof Prism FRP , Box*BUSHNELL
29757132512*132514CM*8x21mm Black Roof Prism Compact, Clam Multi Lang*BUSHNELL
29757132529*132516CM*10x25mm Black Roof Prism Compact, Clam multi Lang*BUSHNELL
29757132574*132517CM*10x25mm Camo Roof Prism Compact, Clam Mulit Lang*BUSHNELL
29757134196*134218*8x42 Black Porro BAK-4, WP/FP, Twist Up Eyecups, Box 6 L*BUSHNELL
29757134219*141042C*10x42mm Black Roof Prism Rugged Design, Clam*BUSHNELL
29757134233*134211*10x42 Black Porro BAK-4, WP/FP, Twist Up Eyecups, Box 6 L*BUSHNELL
29757134240*134212*12x42 Black Porro BAK-4, WP/FP, Twist Up Eyecups, Box 6 L*BUSHNELL
29757135094*613510*3.5-10x36 Black Matte Multi-X Rimfire BDC, Box*BUSHNELL
29757137500*137500*7x50mm Blue Porro Prism Compass, Ranging Reticle, WP,FP, Box*BUSHNELL
29757137517*137501*7x50mm Blue Porro Prism WP,FP Box*BUSHNELL
29757137579*137570*7x50 Marine Blue Porro,Digital Compass w/Tilt, WPFP, Box 6 Language*BUSHNELL
29757137999*138005*8x25 Black Roof BAK-4, WP/FP, Twist Up Eyecups, Box 6 L*BUSHNELL
29757138002*138005C*8x25 Black Roof BAK-4, WP/FP, Twist Up Eyecups, Clam 6 L*BUSHNELL
29757138019*130105C*10x25 Black Roof BAK-4, WP/FP, Twist Up Eyecups, Clam 6 L*BUSHNELL
29757138026*130106C*10x25 Camo Roof BAK-4, WP/FP, Twist Up Eyecups, Clam 6 L*BUSHNELL
29757138033*132105C*12x25 Black Roof BAK-4, WP/FP, Twist Up Eyecups, Clam 6 L*BUSHNELL
29757138040*158042C*8x42 Black Roof BAK-4, WP/FP, Twist Up Eyecups, Clam 6 L*BUSHNELL
29757138057*150142C*10x42 Black Roof BAK-4, WP/FP, Twist Up Eyecups, Clam 6 L*BUSHNELL
29757138071*134211C*10x42 Black Porro BAK-4, WP/FP, Twist Up Eyecups, Clam 6 L*BUSHNELL
29757138088*134212C*12x42 Black Porro BAK-4, WP/FP, Twist Up Eyecups, Clam 6 L*BUSHNELL
29757138118*157050C*7x50 Black Porro BAK-4, WP/FP, Twist Up Eyecups, Clam 6 L*BUSHNELL
29757138163*1481640C*8-16x40mm Black Roof Prism Zoom, Clam*BUSHNELL
29757139429*613946C*3-9x40 Matte, Illum CF500 reticle, Clam*BUSHNELL
29757139436*613944AP*3-9x40 RTAP Circle-X , Box*BUSHNELL
29757139443*613944*3-9x40 Black Matte Circle-X 4" Eye Relief, Box*BUSHNELL
29757139450*613946B*3-9x40 Matte, Illum CF500 reticle, Box 6 Language*BUSHNELL
29757139467*613947*3-9x40 Black Matte Multi-X,6" Eye relief,  Box*BUSHNELL
29757139474*613948C*3-9x40 Black Matte Multi-X , Clam*BUSHNELL
29757139481*613948*3-9x40 Black Matte Multi-X , Box*BUSHNELL
29757139498*613947B*3-9x40 Matte, MZ200, Box*BUSHNELL
29757139504*613950*3-9x50 Black Matte Multi-X , Box*BUSHNELL
29757139757*139755*7-15x25mm Black Porro Prism Zoom Compact, Box*BUSHNELL
29757139825*139825*8x25mm Black Porro Prism Compact, Box*BUSHNELL
29757141040*141042*10x42mm Black Roof Prism Rugged Design, Box*BUSHNELL
29757141057*141043*10x42mm RTAP, Roof, Box*BUSHNELL
29757141248*614124*4-12x40 Black Matte Multi-X Adjustable Objective, Box*BUSHNELL
29757141255*614124B*4-12x40 Matte, Bmag 350 reticle, BDC , Box 6L*BUSHNELL
29757141644*614164C*4-16x40 Matte, Illum CF500 reticle, Clam*BUSHNELL
29757141651*614164B*4-16x40 Matte, Illum CF500 reticle, Box 6 Language*BUSHNELL
29757148162*1481640*8-16x40mm Black Roof Prism Zoom, Box*BUSHNELL
29757150127*150126*10x26 Black Porro BAK-4, WP/FP, Twist Up Eyecups, Box 6 L*BUSHNELL
29757150141*150142*10x42 Black Roof BAK-4, WP/FP, Twist Up Eyecups, Box 6 L*BUSHNELL
29757157058*157050*7x50 Black Porro BAK-4, WP/FP, Twist Up Eyecups, Box 6 L*BUSHNELL
29757158048*158042*8x42 Black Roof BAK-4, WP/FP, Twist Up Eyecups, Box 6 L*BUSHNELL
29757161000*161002CM*Tripod Adapter Black,, Clam 6 Language*BUSHNELL
29757161857*616185*6-18x50 Black Matte Multi-X Adjustable Objective, Box*BUSHNELL
29757162120*137307*7x35mm Black Porro Prism, Box*BUSHNELL
29757162311*ET1624SJ*1-6.5x24 Matte 30mm, Illum BTR-2, SFP, Box*BUSHNELL
29757162403*132514*8x21mm Black Roof Prism Compact, Box*BUSHNELL
29757162427*132516*10x25mm Black Roof Prism Compact, Box*BUSHNELL
29757162458*616244*6-24x40 Black Matte Mil Dot Adjustable Objective, Box*BUSHNELL
29757162502*ET1625DP*1-6.5x24 Matte, 30mm, Illum Dual Plane, Box*BUSHNELL
29757165015*131056*10x50mm Black Porro Prism , Box*BUSHNELL
29757165039*131056C*10x50mm Black Porro Prism , Clam*BUSHNELL
29757170828*170825*8x25mm Black Porro Prism Focus Free Compact, Box*BUSHNELL
29757171030*171043*10x42mm Black Roof Prism Focus Free, Box*BUSHNELL
29757171054*171044C*10x42mm RTAP Roof Prism Focus Free, Clam*BUSHNELL
29757171092*171032*10x32mm Black Roof Prism Focus Free Compact*BUSHNELL
29757172020*133410*7x35mm Black Porro Prism, Box*BUSHNELL
29757173539*173507*7x35mm Black Porro Prism Focus Free, Wide Angle, Box*BUSHNELL
29757175007*175007*7x50mm Black Porro Prism Focus Free, Wide Angle, Box*BUSHNELL
29757175014*175010*10x50mm Black Porro Prism Focus Free, Wide Angle, Box*BUSHNELL
29757175021*175012*12x50mm Black Porro Prism Focus Free, Wide Angle, Box*BUSHNELL
29757175113*1751030*5-10x25mm Dual Power Black Compact Porro, Box 6 Language*BUSHNELL
29757178022*178025C*8x25 Black Porro Focus Free , Clam*BUSHNELL
29757185242*ET18524*1-8.5X24 SMRS  34 mm , Illuminated BTR-2, FFP, Matte Black*BUSHNELL
29757190116*190125*10x25 Legend Ultra HD Black, FRP, ED Glass, UWB, RGHD, Box 6 Language*BUSHNELL
29757190123*190126*10x26 Black Porro FMC, BAK-4, RGHD, WP/FP, Box 6 Language*BUSHNELL
29757190819*190836*8x36 Ultra-HD RTAP Mid-Size Roof ED Glass, UWB, RGHD, Box*BUSHNELL
29757190857*198042*8x42 Black Roof, Rain Guard HD ED Glass, UWB, Box*BUSHNELL
29757191021*191036*10x36 Ultra-HD Black Mid-Size Roof ED Glass, UWB, RGHD, Box*BUSHNELL
29757191045*191043*10x42 Camo Roof, Rain Guard HD ED Glass, UWB, Box*BUSHNELL
29757191069*191042*10x42 Black Roof, RainGuard HD , ED Glass, UWB, Box*BUSHNELL
29757191144*191142*10x42 Legend Ultra HD Black Monocular ED Glass, UWB, RGHD, Box 6 La*BUSHNELL
29757191151*191144*10x42 Legend Ultra HD Tan Monocular Mil-Ret, ED Glass, UWB, Box*BUSHNELL
29757191267*19125C*Deluxe Bino Harness Black , Clam*BUSHNELL
29757191502*19150*Universal Bino Tripod Mount Black, 6 Language Box*BUSHNELL
29757196545*119654C*Security Case Trophy Cam Black LED Brown, Clam*BUSHNELL
29757196576*119657C*Security Case Brown, Trophy Cam HD 2014, Clam 6L*BUSHNELL
29757196583*119658C*Security Case Brown, Trophy Cam HD Max 2014, Clam 6L*BUSHNELL
29757197368*119736CN*12MP Trophy Cam Essential HD, Brown Low Glow, Trap*BUSHNELL
29757197764*119776CN*14MP Trophy Cam Aggresor HD, Brown Black LED, Trap*BUSHNELL
29757197771*119777CN*14MP Trophy Cam Aggresor HD, Realtree Xtra Black LED, Trap*BUSHNELL
29757202253*202205*4x20 Sport 850 Black Vert Monocular 1-Button Operation, Box*BUSHNELL
29757202321*202310*10x42 Fusion 1 Mile Black Bino*BUSHNELL
29757202338*202312*12x50 Fusion 1 Mile Black Bino*BUSHNELL
29757202345*202342*4x20 the TRUTH Black Vertical,ARC, Bow, WR, Box 6 Language*BUSHNELL
29757202352*202355*6x21 Scout DX 1000 ARC Black,Vertical ARC, Bow, Rifle, BullsEye, Brush*BUSHNELL
29757202369*202356*6x21 Scout DX 1000 ARC RTAP,Vertical ARC, Bow, Rifle, BullsEye, Brush*BUSHNELL
29757202383*202308*8x32 Fusion 1 Mile Black Bino*BUSHNELL
29757203229*203122*Magnetic Attachment System for Laser Rangefinders, Box*BUSHNELL
29757204127*204124*4-12x40 Yardage Pro Black Mil Dot BDC Turrets, WP, Box*BUSHNELL
29757211095*211028*10x28 Black Compact Roof WPFP, FMC, Box*BUSHNELL
29757211583*211570WP*15x70 Porro, BaK-4, Waterproof, Tripod Adaptable*BUSHNELL
29757212085*212080*20x80 Porro, Bak-4, Tripod Adaptable*BUSHNELL
29757212252*131226C*12x25mm Camo Roof Prism Compact, Clam*BUSHNELL
29757218018*218032*8x32 Black Mid-Size Roof WPFP, FMC, Box*BUSHNELL
29757220141*220142*10x42 NatureView Tan Roof,WPRP,FMC, Leadfree Glss, Box 6 Language*BUSHNELL
29757220639*220630*6x30 NatureView Tan Porro,WP, FMC, LeadFree Glss, Box 6 Language*BUSHNELL
29757220837*220832*8x32 NatureView Tan Roof,WPFP,FMC, Leadfree Glss, Box 6 Language*BUSHNELL
29757220851*220840*8x40 Backyard Birder Tan Porro,MC, LeadFree Glss, Box 6 Language*BUSHNELL
29757224200*224208*8x42 NatureView Tan Porro,FMC, LeadFree Glss, Box 6 Language*BUSHNELL
29757224217*224210*10x42 NatureView Tan Porro,FMC, LeadFree Glss, Box 6 Language*BUSHNELL
29757228048*228042*8x42 NatureView Tan Roof,WPFP,FMC, LeadFree Glss, Box 6 Language*BUSHNELL
29757232816*232810*10x28 XLT Green Compact Roof WPFP, EFG, FMC, Box*BUSHNELL
29757233202*233208*8X32 XLT Green Mid-Size Roof WPFP, EFG, FMC Box*BUSHNELL
29757234209*234208*8x42 XLT Green Roof WPFP, EFG, FMC, Box*BUSHNELL
29757234216*234210*10x42 XLT Green Roof WPFP, EFG, FMC, Box*BUSHNELL
29757234223*234211*10x42 XLT RTAP Roof WPFP, EFG, FMC, Box*BUSHNELL
29757235015*235012*12x50 XLT Green Roof WPFP, EFG, FMC, Box*BUSHNELL
29757260192*260228*2x28mm NightVision Black (Gen1) Monocular, Box 6 Language*BUSHNELL
29757260338*260332*3x32mm Digital Color Night Vision Black, Box 6 Language*BUSHNELL
29757260444*260542*5x42mm StealthView Black/Green Monocular Digital, Super IR Light, Box*BUSHNELL
29757263049*260224*2x24mm NightWatch Black/Green Monocular (Gen 1) IR Light, Box*BUSHNELL
29757264046*267100*Equinox I-Beam IR Flashlight*BUSHNELL
29757267018*264051*4x50mm NightWatch Black/Green Monocular (Gen 1)*BUSHNELL
29757312402*ET3124FG*3-12x44 FFP G2 DMR*BUSHNELL
29757334503*133450*10x50mm Black Porro Prism , Box*BUSHNELL
29757352101*ET35215M*3.5-21x50 Matte 34mm, Mil Dot , Box*BUSHNELL
29757352118*ET35215TZ*3.5-21X50 M110 Black 34mm tube Sidefocus, Zero Stop, TRMR-2 Reticle, F*BUSHNELL
29757352125*ET35215T*3.5-21x50 Matte 34mm, TRMR-2*BUSHNELL
29757352156*ET35215*3.5-21x50 Matte H59 Reticle 34mm Tube, side focus*BUSHNELL
29757352224*ET35215GZA*3.5-21X50 ERS  34mm , SF, Zero-Stop, G2DMR, Flat Dark Earth*BUSHNELL
29757352231*ET35215GZ*3.5-21X50 ERS  34mm , SF, Zero-Stop, G2DMR, Matte Black*BUSHNELL
29757352255*ET35215G*3.5-21x50 Matte 34mm, G2DMR , .1 Mil , Box*BUSHNELL
29757359926*360510*Backtrack HuntTrack 6L Box*BUSHNELL
29757360175*360210*BackTrack Point-5, Time, Temperature, Altitude*BUSHNELL
29757360373*360411*BackTrack Original G2, Black/Green GPS Digital Compass, Box 6 Language*BUSHNELL
29757360397*360413*BackTrack Original G2, Orange/Black GPS Digital Compass, Box 6 Language*BUSHNELL
29757363053*360305*BackTrack D-Tour Red, Box 6 Language*BUSHNELL
29757363152*360315*BackTrack D-Tour Green, Box 6 Language*BUSHNELL
29757424082*242408*8x42 Bushnell Green Roof Prism, FMC,WP,P3C, Box 6 Language*BUSHNELL
29757424105*242410*10x42 Bushnell Green, Roof Prism FMC,WP,P3C, Box 6 Language*BUSHNELL
29757440204*743333*.17 - .45 Caliber Expandable Arbor Kit Case & Arbors, Box*BUSHNELL
29757451842*E45184M*Elite Tactical Hunter Matte, 4.5-18x 44 ,G2 MOA, FFP, Zero Stop, Box*BUSHNELL
29757451859*E45184H*Elite Tactical Hunter Matte, 4.5-18x 44 ,G2H Mil, FFP, Zero Stop, Box*BUSHNELL
29757453013*ET45305TZA*4.5-30X50 EXRS FLAT DARK EARTH 34mm TUBE, SIDEFOCUS, Z-STOP, TRMR2*BUSHNELL
29757453068*ET45305GZA*4.5-30X50 XRS FLAT DARK EARTH 34mm TUBE, SIDEFOCUS, Z-STOP, G2DMR*BUSHNELL
29757521026*452104B*Elite 4500 Matte, 2.5-10x 40, DOA600, Box*BUSHNELL
29757521033*452105B*Elite 4500 Matte, 2.5-10x 50, DOA600, Box*BUSHNELL
29757521040*452104*Elite 4500 Matte, 2.5-10x 40, Multi-X , Box*BUSHNELL
29757521057*452105*Elite 4500 Matte, 2.5-10x 50, Multi-X , Box*BUSHNELL
29757526328*352632*Elite 3500 Matte Handgun, 2-6x 32, Multi-X , Box*BUSHNELL
29757526335*352632S*Elite 3500 Silver Handgun, 2-6x 32, Multi-X , Box*BUSHNELL
29757527325*352732*Elite 3500 Matte, 2-7x 32, Multi-X , Box*BUSHNELL
29757539403*353940*Elite 3500 Matte, 3-9x 40, Multi-X , Box*BUSHNELL
29757539410*353940B*Elite 3500 Matte, 3-9x 40, DOA600, Box*BUSHNELL
29757539502*353950*Elite 3500 Matte, 3-9x 50, Multi-X , Box*BUSHNELL
29757539519*353950B*Elite 3500 Matte, 3-9x 50, DOA600,Box*BUSHNELL
29757541239*354124B*Elite 3500 Matte, 4-12x 40, DOA600, Box*BUSHNELL
29757541246*354124*Elite 3500 Matte, 4-12x 40, Multi-X , Box*BUSHNELL
29757541635*454164B*Elite 4500 Matte, 4-16x 40, DOA600, Box*BUSHNELL
29757541642*454164*Elite 4500 Matte, 4-16x40, Multi-X , Box*BUSHNELL
29757562401*456240*Elite 4500 Matte, 6-24x 40, Multi-X , Box*BUSHNELL
29757583208*458320*Elite 4500 Matte, 8-32x 40, Multi-X , Box*BUSHNELL
29757601308*260130*3x30 Equinox Digital Night, Vision Black, Box*BUSHNELL
29757601407*260140*4x40 Equinox Digital Night, Vision Black, Box*BUSHNELL
29757601506*260150*6x50 Equinox Digital Night, Vision Black, Box*BUSHNELL
29757604019*260401*2.5x40mm Gen 1 NV Binocular, Black, IR light, Box 6 Language*BUSHNELL
29757605009*260500*2x40 Equinox Z Digital Night Vision Binocular Black, Box 6L*BUSHNELL
29757605016*260501*4x50 Equinox Z Digital Night Vision Binocular Black, Box 6L*BUSHNELL
29757606105*360610*BackTrack FishTrack Blue/Black, Digital Compass, Clam 5L*BUSHNELL
29757612144*652164B*2.5-16x42 Matte DOA 600 Ret Side Focus 30mm, Box*BUSHNELL
29757620156*620142ED*10x42mm Black Roof ED Glass, Aspheric Lens, RGHD, Box*BUSHNELL
29757620729*620726*7x26mm Black Porro Prism RainGuard, Compact, Box*BUSHNELL
29757624505*ET6245FG*6-24x50 FFP G2 DMR*BUSHNELL
29757624512*ET6245FJ*6-24x50 FFP Illum BRT-Mil*BUSHNELL
29757628053*628042ED*8x42mm Black Roof ED Glass, Aspheric Lens, RGHD, Box*BUSHNELL
29757652157*652165M*2.5-16x50 Black Matte Fine Multi-X Side Parallax Adj, Box*BUSHNELL
29757652164*652164M*2.5-16x42 Black Matte Fine Multi-X Side Parallax Adj, Box*BUSHNELL
29757652171*652164MD*2.5-16x42 Black Matte Mil Dot Side Parallax Adj, Box*BUSHNELL
29757652188*652165MD*2.5-16x50 Black Matte Mil Dot Side Parallax Adj, Box*BUSHNELL
29757654304*654305M*4.5-30x50 Black Matte Fine Multi-X Side Parallax Adj, Box*BUSHNELL
29757654311*654305MD*4.5-30x50 Black Matte Mil Dot Side Parallax Adj, Box*BUSHNELL
29757654335*654305B*4.5-30x50 Matte DOA 600 Ret Side Focus 30mm, Box*BUSHNELL
29757700155*784405*Large Black Car Window Mount , Box*BUSHNELL
29757730053*730005*First Strike Red Dot, Black, Auto Illuminated, Box*BUSHNELL
29757730114*AR730132*1X MP Red Dot, Red/Green T-Dot Reticle, Matte Black, Box*BUSHNELL
29757730121*730135*1x28 Black Matte Red Dot 4 Dial-in Red/Green reticles, Box*BUSHNELL
29757730183*730131APG*1X28 6 MOA Dot ,RealTree APG Camo*BUSHNELL
29757730237*AR730232*2X MP Red Dot, Red/Green T-Dot Reticle, Matte Black, Box*BUSHNELL
29757731296*731309*1x25 TRS-25 3 MOA Red Dot, Realtree APG Camo, Box*BUSHNELL
29757731302*731303*1x25 TRS-25 3 MOA Red Dot CR2032 Battery, Box*BUSHNELL
29757731463*731432*1.75-4x32 Matte Circle-X Shotgun/Slug, Box*BUSHNELL
29757731487*731432AP*1.75-4x32 Realtree AP Circle-X Shotgun/Slug, Box*BUSHNELL
29757732019*733960B*3-9x40 Matte DOA 600, Box*BUSHNELL
29757732026*733960BP*3-9x40 Matte DOA 250, Box*BUSHNELL
29757732033*734120B*4-12x40 Matte DOA 600, Box*BUSHNELL
29757732040*734120*4-12x40 Matte Multi-X, Box*BUSHNELL
29757732057*736186*6-18x50 Matte Multi-X, Box*BUSHNELL
29757732637*732633*2-6x32 Matte Handgun 9"-26" Eye Relief, Box*BUSHNELL
29757733139*733126E*3-12x56 Matte Illum 4A Reticle 30mm tube, Box 6 Language*BUSHNELL
29757733825*733960XC*3-9x40 Matte, DOA 600, Bone Collector, Box*BUSHNELL
29757733887*733951*3-9x50 Matte Multi-X, Box*BUSHNELL
29757734105*733960BC*3-9x40 Matte, Multi-X “Bone Collector” Edition*BUSHNELL
29757734204*733960*3-9x40 Matte Multi-X, Box*BUSHNELL
29757734211*733944S*3-9x40 Silver Multi-X, Box*BUSHNELL
29757734228*733945*3-9x40 Matte Mil Dot, Box*BUSHNELL
29757735003*733960SG*3-9x40 Matte, DOA 200 FMC, Box*BUSHNELL
29757736185*736189*6-18x40 Matte Multi-X Adjustable Objective, Box*BUSHNELL
29757736345*732633S*2-6x32 Silver Handgun 9"-26" Eye Relief, Box*BUSHNELL
29757740007*740001C*All Calibers Magnetic Boresighter, Clam*BUSHNELL
29757740021*740012*50 Caliber to 12 Guage Expandable Arbor Kit, Box*BUSHNELL
29757740045*AR730131C*1x28mm, 6 MOA Dot, with rings, Matte Black, Clam*BUSHNELL
29757740052*AR730005*First Strike, 5 MOA Reflex Dot,with Hi-Rise Mount, Box*BUSHNELL
29757740076*AR731306*TRS-25, 3 MOA Red Dot, Hi-Rise Mount*BUSHNELL
29757740083*AR731306C*TRS-25, 3 MOA Red Dot, Hi-Rise Mount, Clam*BUSHNELL
29757740090*AR731305C*TRS-32, 5 MOA Red Dot, with mount,Clam*BUSHNELL
29757740106*740100C*.22 - .50 Caliber - 5 Arbors Laser Boresighter, Clam*BUSHNELL
29757740144*AR731305*TRS-32,  5 MOA Red Dot, with Mount, Box*BUSHNELL
29757744012*744001*15 piece Arbor Boresighter Kit , Box*BUSHNELL
29757751508*851532*1.75-5x32 Black Matte Multi-X FMC, RainguardHD, Box 6 Language*BUSHNELL
29757751539*853940B*3-9x40 Black Matte DOA 600 FMC , RainguardHD, Box 6 Language*BUSHNELL
29757751546*853940*3-9x40 Black Matte Multi-X FMC , RainguardHD, Box 6 Language*BUSHNELL
29757751553*853950B*3-9x50 Black Matte DOA 600 FMC, RainguardHD, Box 6 Language*BUSHNELL
29757751560*853950*3-9x50 Black Matte Multi-X FMC, RainguardHD, Box 6 Language*BUSHNELL
29757751577*854144MD*4.5-14x44 Black Matte Mil Dot FMC, RainguardHD, Box 6 Language*BUSHNELL
29757751584*854144*4.5-14x44 Black Matte Multi-X FMC, RainguardHD, Box 6 Language*BUSHNELL
29757780003*780008*20-60x80 Black Porro Prism ED Glass, Rainguard, WP, FP, Box 6 Lang*BUSHNELL
29757780119*780105*2x Barlow Lens 1.25" Diameter , Box*BUSHNELL
29757780126*780102*25mm Kellner Eyepiece 1.25" Diameter, Box*BUSHNELL
29757780140*780104*1.25" Camera Adapter 1.25" Diameter, Box*BUSHNELL
29757780843*780840*8-40x60 Tactical, Tan, ED Glass, RGHD, Box*BUSHNELL
29757781567*781548P*15-45x60mm Black Roof Prism PC3, Rainguard,WP,FP, Box*BUSHNELL
29757781802*781818*15-45x60mm Black Porro Prism , Box*BUSHNELL
29757783608*783618*18-36x50mm Sentry Black Porro,WP, hard case, tripod, Box 6 Language*BUSHNELL
29757783707*783718*18-36x50mm Sentry Camo (Brown),Porro WP, hard case, tripod, Box 6 Lang*BUSHNELL
29757784032*784030*60" Black Advanced Tripod, Box*BUSHNELL
29757784049*784040*63" Black Titanium Tripod, Box*BUSHNELL
29757784407*784406C*Ultra Compact Black Tripod/Window Mount, Clam*BUSHNELL
29757784551*784550*15-45x50 NatureView Tan Porro,WPFP,FMC, LeadFree Glss, Box 6 Language*BUSHNELL
29757784582*784580*20-60x80 Black Porro Prism 45 deg EP, ED Glass, RG, WP, FP, Box*BUSHNELL
29757785015*785015*15-45x50 Black Porro FMC, WP/FP, Compact Tripod,, Box 6 Lang*BUSHNELL
29757785466*785460ED*15-45x60mm Ultra HD Black ED Glass, RainGuardHD, Box 6 Language*BUSHNELL
29757786067*786065*20-60x65 NatureView Tan Porro,WPFP,FMC, LeadFree Glss, Box 6 Language*BUSHNELL
29757786081*786081ED*20-60x80 45 Degree Legend Ultra HD, Black, ED Glass, SC, Box*BUSHNELL
29757786357*786350ED*12-36x50 Legend Ultra HD Black, ED Glass, SC, TP, Box*BUSHNELL
29757786524*786520*20-60x65 Black Porro FMC, WP/FP, Compact Tripod,, Box 6 Lang*BUSHNELL
29757787316*787345*15-45x50mm Silver/Black Collapsible w/ HC,SC,Scope Glove,TP, Box*BUSHNELL
29757788825*788831*700x76mm Silver Reflector Motorized "Go To", Box*BUSHNELL
29757788849*788840*1300x100mm Silver Maksutove Motorized "Go To", Box*BUSHNELL
29757788894*788890*1250x90mm Silver Maksutove Motorized "Go To", Box*BUSHNELL
29757788948*788846*900x114mm Silver Reflector Motorized "Go To", Box*BUSHNELL
29757789334*789332*12-36x50mm Green Porro Prism Ultra Compact, WP, w/HC, SC,Tripod, Box*BUSHNELL
29757789884*789961*700x60mm Voyager Refractor Sky Tour W/LCD handset*BUSHNELL
29757789891*789946*900x4.5" Voyager Reflector Sky Tour w/LCD handset*BUSHNELL
29757789907*789931*700x3" Voyager Reflector Sky Tour w/LCD handset*BUSHNELL
29757789914*789971*800x70mm Voyager Refractor Sky Tour w/LCD handset*BUSHNELL
29757824240*82425G*8-24x 25mm Sport Zoom Green, Porro MC, Clear Case, Neck Strap, Box 6*BUSHNELL
29757824257*82425W*8-24x 25mm Sport Zoom White, Porro MC, Clear Case, NeckStrap , Box 6*BUSHNELL
29757824264*82425B*8-24x 25mm Sport Zoom Black, Porro MC, Clear Case, Neck Strap, Box 6*BUSHNELL
29757910561*9103120402*Counter Mat*BUSHNELL
29757913784*9107770408*Antique Metal Sign*BUSHNELL
29757914071*9108060708*Event Banner*BUSHNELL
29757914552*9108471208*Rainguard HD Counter Mat*BUSHNELL
29757915054*9108920509*Trophy Cam Display Blade*BUSHNELL
29757915900*9109730510*RainGuard HD Demo Display*BUSHNELL
29757916761*9110450511*Elite Riflescope Counter Mat*BUSHNELL
29757917126*9110730911*Reflex Holster Demo Display , Box*BUSHNELL
29757917133*9110740911*Bushnell Binocular Display Stand, Bulk*BUSHNELL
29757917140*9110750911*Bushnell Rangefinder Display Stand, Bulk*BUSHNELL
29757917218*9110820911*Bulletproof Money Back Guarantee Window Decal*BUSHNELL
29757917225*9110830911*Bulletproof Money Back Guarantee Logo Sign*BUSHNELL
29757917256*9110860911*RainGuard HD Under Counter Logo Sign*BUSHNELL
29757917676*9111280312*Bulletproof Money Back Guarantee Counter Card*BUSHNELL
29757917683*9111290312*Bulletproof Money Back Guarantee Counter Mat*BUSHNELL
29757917744*9111350312*Bushnell Riflescope Display*BUSHNELL
29757918017*9111590812*Bushnell Logo Sign*BUSHNELL
29757918635*9112210813*Bushnell Authorized Dealer Decal*BUSHNELL
29757920003*AR91424I*AR Optics1-4x24 30mm ,FFP Illum. BTR-1 Reticle, Target Turrets, Matte Black*BUSHNELL
29757920010*AR91424*AR Optics1-4x24, 30mm,BDC Reticle, Target Turrets, Matte Black*BUSHNELL
29757920027*AR92732*AR Optics 2-7x32 Rimfire BDC Reticle, Target Turrets, SF, Matte Black*BUSHNELL
29757920034*AR93940*AR Optics 3-9x40 Riflescope,BDC Reticle, Target Turrets, SF,  Matte Black*BUSHNELL
29757920041*AR931240*AR Optics 3-12x40 Riflescope,BDC Reticle, Target Turrets,  SF, Matte Black*BUSHNELL
29757920058*AR945184*AR Optics 4.5-18x40 ,BDC Reticle, Target Turrets, SF, Matte Black*BUSHNELL
29757971043*197104*10x42 Legend E-Series Black, Roof Rainguard HD, UWB, FMC, Box 6L*BUSHNELL
29757978424*197842*8x42 Legend E-Series Black, Roof Rainguard HD, UWB, FMC, Bulk*BUSHNELL
29757981042*198104*10x 42 Legend L-Series Black, Roof Rainguard HD, UWB. ED Glass, Box 6*BUSHNELL
29757988423*198842*8x 42 Legend L-Series Black, Roof Rainguard HD, UWB. ED Glass, Box 6*BUSHNELL
29757991041*199104*10x42 Legend M-Series Black, Open Bridge/Roof Rainguard HD, UWB. ED*BUSHNELL
29757998422*199842*8x42 Legend M-Series Black, Open Bridge/Roof Rainguard HD, UWB. ED*BUSHNELL
43699000029*14022*Swivels Non Tri-Lock Blued 1" , Clam*BUSHNELL
43699100125*MO10012*Swivels QD 115 Blued 1" Machine Screw Type, Clam*BUSHNELL
43699100132*MO10013*Swivels QD 115 Blued 1 1/4" Machine Screw Type, Clam*BUSHNELL
43699100224*MO10022*Swivels QD 115 Nickel 1", Clam*BUSHNELL
43699101122*MO10112*Swivels QD 100 Push Button, Blued 1", Clam*BUSHNELL
43699105120*10512*Swivels QD 115 M357 Blued 1" , Clam*BUSHNELL
43699107124*10712*Swivels QD 115 U22 Blued 1" , Clam*BUSHNELL
43699109326*10932*Swivels QD SS BL Nickel 1" , Clam*BUSHNELL
43699109333*10933*Swivels QD SS BL Nickel 1 1/4", Clam*BUSHNELL
43699117123*11712*Swivels 7400 Four Blued 1" , Clam*BUSHNELL
43699118120*11812*Swivels 742 ES Blued 1", Clam*BUSHNELL
43699122127*12212*Swivels 760 ES Blued 1", Clam*BUSHNELL
43699123124*12312*Swivels QD 115 MCS Blued 1" , Clam*BUSHNELL
43699131129*13112*Swivels QD 115 RGS Blued 1", Wood Screw Type, Clam E/F*BUSHNELL
43699133123*13312*Swivels QD 115 CF Full Band Blued 1", Clam E/F*BUSHNELL
43699134120*13412*Swivels QD 115 RF Blued 1", .22 Full Band, Clam*BUSHNELL
43699139125*13912*Swivels QD 115 CFL Blued 1" , Clam E/F*BUSHNELL
43699140237*14023*Swivels QD SS MIM 1 1/4", Clam*BUSHNELL
43699140329*14032*Swivels QD SS BL Blued 1" , Clam E/F*BUSHNELL
43699140336*14033*Swivels QD SS BL Blued 1 1/4" , Clam E/F*BUSHNELL
43699140428*14042*Swivels QD 115 BL Blued 1", 96 Pack, PVC Bag*BUSHNELL
43699140503*14050*Swivel Attachment Fixed Black Picatinny, Clam*BUSHNELL
43699144129*14412*Swivels 760 BB Blued 1", Clam*BUSHNELL
43699146123*14612*Swivels QD RUG Blued 1", Clam*BUSHNELL
43699146222*14622*Swivels QD RUG Nickel 1", Clam*BUSHNELL
43699148127*14812*Swivels QD 115 BLR Blued 1" , Clam*BUSHNELL
43699153121*15312*Swivels QD 115 LRB Blued 1" , Clam*BUSHNELL
43699156122*15612*Swivels QD 115 UMC Blued 1" , Clam E/F*BUSHNELL
43699159123*15912*Swivels QD 115 SG-1 Blued 1" , Clam*BUSHNELL
43699159321*15932*Swivels QD 115 SG-2 Blued 1" , Clam*BUSHNELL
43699159529*15952*Swivels QD 115 SG-3 Blued 1" , Clam*BUSHNELL
43699159727*15972*Swivels QD 115 SG-4 Blued 1" , Clam*BUSHNELL
43699163106*16310*GUN-TITE Glue Resealable Tube , Blister*BUSHNELL
43699180028*18002*Swivels QD REM 870 EXP Blued 1" Internal Ratchet Cap Set, Clam*BUSHNELL
43699180127*18012*Swivels QD REM 870 Blued 1" External Ratchet Cap Set, Clam*BUSHNELL
43699180325*18032*Swivels QD REM 11-87 Blued 1" Cap Set, Clam*BUSHNELL
43699181025*18102*Swivels QD MOSS 500 Blued 1" Bolt Set, Clam*BUSHNELL
43699181124*18112*Swivels QD MOSS 590/835 Blued 1" Cap Set, Clam*BUSHNELL
43699182022*18202*Swivels QD WIN 1200/1300 Blued 1", Clam*BUSHNELL
43699183029*18302*Swivels QD BRN-BPS/A5 Blued 1" Cap Set, Clam*BUSHNELL
43699211012*21101*Swivel Attachment Push Button Black Picatinny, Clam*BUSHNELL
43699245000*24500*Hammer Extension Blued Winchester 94, Clam*BUSHNELL
43699245109*24510*Hammer Extension Blued Winchester 94/22, Clam*BUSHNELL
43699245208*24520*Hammer Extension Blued Marlin 336, Clam*BUSHNELL
43699245604*24560*Hammer Extension Blued Blackhawk, Topper, Handi-Rifle, Clam*BUSHNELL
43699245802*24580*Hammer Extension Blued 83 & Later Marlin, Clam*BUSHNELL
43699250004*25000*115 B Blued Base Screws, Clam*BUSHNELL
43699250905*25090*Chicago Screws Gold Brass 24 Pack, Clam*BUSHNELL
43699251001*25100*Spacers White 12 Pack, Clam*BUSHNELL
43699252008*25200*115 RGS Blued Base Screws 1/2" Screw, 3/4" Screw, Clam*BUSHNELL
43699261123*26112*Military Sling Brown 1" x 44" Leather, Card*BUSHNELL
43699264124*26412*Cobra Sling Brown 1" x 36", BW, Card*BUSHNELL
43699265220*26522*Cobra Sling Brown 1" x 36", Padded Suede, Card*BUSHNELL
43699267026*26702*Utility Sling Black 1" x 48" , Card*BUSHNELL
43699267125*26712*Utility Sling Black 1" x 72" , Card*BUSHNELL
43699267248*26724*Ultra Sling MOBU 1" x 48", Card*BUSHNELL
43699267422*26742*Ultra Padded Sling Black 1" x 72", Card*BUSHNELL
43699267620*26762*Ultra Padded Sling Black 1" x 48", Card*BUSHNELL
43699267644*26764*Ultra Sling Black, 1" x 48" w/Swivel, Card*BUSHNELL
43699269235*26923*Mountain Sling Black 1 1/4" w/Swivel, Card*BUSHNELL
43699269723*26972*Ultra Padded Rifle Cartridge Black 1" x 48", Card*BUSHNELL
43699269938*26993*Tactical Sling Black 1 1/4", 1 Point, Card*BUSHNELL
43699401147*41722*Padded Shell Bag Black, Card, Bag*BUSHNELL
43699401222*42140*Shell Pouch Deluxe Brown Canvas, Card*BUSHNELL
43699503612*50361*Single Mag Case Kydex Black Large Double Stack, 10mm - .45 Cal, Clam*BUSHNELL
43699503629*50362*Single Mag Case Kydex Black Double Stack, 9mm - .45 Caliber, Clam*BUSHNELL
43699513611*51361*Double Mag Case Kydex Black Double Stack, Belt Loop, Card*BUSHNELL
43699513710*51371*Double Mag Case Kydex Black Single Stack, Belt Loop, Card*BUSHNELL
43699520824*52082*Shotgun Case Green Over/Under, Hang Tag*BUSHNELL
43699521012*52101*Submachine Gun Case Tactical Black, Hang Tag*BUSHNELL
43699521210*52121*Rifle Case 33" Tactical Black Medium, Three magzine Pouches, Hang Tag*BUSHNELL
43699521418*52141*Rifle Case 41" Tactical Black Large, Five Magazine Pouches, Hang Tag*BUSHNELL
43699525621*52562*Car Seat Deluxe Black Organizer, Hang Tag*BUSHNELL
43699541515*54151*OT Hip Holster Kydex Black Size 15, RH, w/PBA, Clam*BUSHNELL
43699541713*54171*OT Hip Holster Kydex Black Size 17, RH, w/PBA, Clam*BUSHNELL
43699541720*54172*OT Hip Holster Kydex Black Size 17, LH, w/PBA, Clam*BUSHNELL
43699541911*54191*OT Hip Holster Kydex Black Size 19, RH, w/PBA, Clam*BUSHNELL
43699541928*54192*OT Hip Holster Kydex Black Size 19, LH, w/PBA, Clam*BUSHNELL
43699542024*54202*OT Hip Holster Kydex Black Size 20, LH, w/PBA, Clam*BUSHNELL
43699542116*54211*OT Hip Holster Kydex Black Size 21, RH, w/PBA, Clam*BUSHNELL
43699542123*54212*OT Hip Holster Kydex Black Size 21, LH, w/PBA, Clam*BUSHNELL
43699542215*54221*OT Hip Holster Kydex Black Size 22, RH, w/PBA, Clam*BUSHNELL
43699542222*54222*OT Hip Holster Kydex Black Size 22, LH, w/PBA, Clam*BUSHNELL
43699542512*54251*OT Hip Holster Kydex Black Size 25, RH, w/PBA, Clam*BUSHNELL
43699542529*54252*OT Hip Holster Kydex Black Size 25, LH, w/PBA, Clam*BUSHNELL
43699640041*64004*Rifle Assault Bag Black , Hang Tag*BUSHNELL
43699641109*64110*Tactical Pistol Case Black*BUSHNELL
43699641147*64114*Long Range Tactical Bag Black*BUSHNELL
43699641277*64127*3 Gun Competition Bag Black*BUSHNELL
43699701506*70150*Sidekick Holster Kodra Black, Size 15, Ambi, w/Mag Pouch, Clam*BUSHNELL
43699740710*74071*Reflex Open Top Black, Size 07 RH, Clam*BUSHNELL
43699740918*74091*Reflex Open Top Black, Size 09 RH, Clam*BUSHNELL
43699741113*74101*Reflex Open Top Black Size 10 RH, Clam*BUSHNELL
43699741410*74141*Reflex Open Top Black, Size 14 RH, Clam*BUSHNELL
43699742011*74201*Reflex Open Top Black Size 20 RH, Clam*BUSHNELL
43699742127*74212*Reflex Open Top Black, Size 21, LH, Clam*BUSHNELL
43699742714*74271*Reflex Open Top Black Size 27, RH, Clam*BUSHNELL
43699743612*74361*Double Pistol Mag Case Mirage Plain Black Double Stack, Card*BUSHNELL
43699743629*74362*Double Pistol Mag Case Mirage BW Black Double Stack, Card*BUSHNELL
43699743674*74367*Divided Double Mag Case Mirage BW Black Double Stack, Card*BUSHNELL
43699745814*74581*Silent Key Mirage Plain Black Ring Holder, Card*BUSHNELL
43699745821*74582*Silent Key Mirage BW Black Ring Holder, Card*BUSHNELL
43699746019*74601*Open Key Mirage Plain Black Ring Holder, Card*BUSHNELL
43699747757*74775*MKIII OC Case Mirage BW Black Snap Close, Card*BUSHNELL
43699749843*74984*Radio Case Mirage Plain Black Size 4, w/Swivel Belt Loop, Card*BUSHNELL
43699749942*74994*Radio Case Mirage BW Black Size 4, w/Swivel Belt Loop, Card*BUSHNELL
43699750511*75051*Vert Shoulder Holster Kodra, Black Size 5, RH, Clam*BUSHNELL
43699771509*77150*Horizontal Shoulder Holster Pro-Pak Black Size 15, Ambi, Clam*BUSHNELL
43699771738*7702100*Sling Black Single Point 1" Nylon Web, Poly Bag*BUSHNELL
43699771752*7702105*Sling Black Three Point 1" Nylon Web, Poly Bag*BUSHNELL
43699810017*81001*Sidekick Hip Holster Kodra Black Size 0, RH, Clam*BUSHNELL
43699810215*81021*Sidekick Hip Holster Kodra Black Size 2, RH, Clam*BUSHNELL
43699810314*81031*Sidekick Hip Holster Kodra Black Size 3, RH, Clam*BUSHNELL
43699810321*81032*Sidekick Hip Holster Kodra Black Size 3, LH, Clam*BUSHNELL
43699810512*81051*Sidekick Hip Holster Kodra Black Size 5, RH, Clam*BUSHNELL
43699810819*81081*Sidekick Hip Holster Kodra Black Size 8, RH, Clam*BUSHNELL
43699811519*81151*Sidekick Hip Holster Kodra Black Size 15, RH, Clam*BUSHNELL
43699830114*83011*Vert Shoulder Holster Kodra Black Size 1, RH, Clam*BUSHNELL
43699830213*83021*Vert Shoulder Holster Kodra Black Size 2, RH, Clam*BUSHNELL
43699830312*83031*Vert Shoulder Holster Kodra Black Size 3, RH, Clam*BUSHNELL
43699830510*83051*Vert Shoulder Holster Kodra Black Size 5, RH, Poly Bag*BUSHNELL
43699831517*83151*Vert Shoulder Holster Kodra Black Size 15, RH, Clam*BUSHNELL
43699860500*86050*Super Belt Slide Holster Kodra Black Size 5, Ambi, Clam*BUSHNELL
43699861200*86120*Super Belt Slide Holster Kodra Black Size 12, Ambi, Clam*BUSHNELL
43699861507*86150*Super Belt Slide Holster Kodra Black Size 15, Ambi, Clam*BUSHNELL
43699880010*88001*SideKick Holster Belt Black 2" wide Up to 50", Card*BUSHNELL
43699880119*88011*Deluxe Duty Belt Kodra Black Medium 32-36", Card*BUSHNELL
43699880218*88021*Deluxe Duty Belt Kodra Black Large 38-42", Card*BUSHNELL
43699880515*88051*Cartidge Belt Black Shotgun 2" Wide, Up to 50", Card*BUSHNELL
43699881727*88172*Pistol Mag Case Kodra Black Double Stack, Single Close, Card*BUSHNELL
43699881819*88181*Light Case Kodra Black SureFire 6P/Scorpion/Strion, Card*BUSHNELL
43699881833*88183*Light Case Kodra Black Stinger , Card*BUSHNELL
43699881840*88184*Light Case Kodra Black Stinger XT, Card*BUSHNELL
43699881857*88185*Light Case, Kodra, Black Stinger, Dual Switch, LED, Card*BUSHNELL
43699882212*88221*Deluxe Duty Belt Kodra Black XL 44-48", Card*BUSHNELL
43699882311*88231*Deluxe Duty Belt Kodra Black Small 26-30", Card*BUSHNELL
43699882915*88291*Universal Pistol Mag Case Kodra Black Double Hook & Loop, Card*BUSHNELL
43699883110*88311*Speedloader Case Kodra Black Double Snap Close, Card*BUSHNELL
43699883219*88321*Universal Pistol Mag Case Kodra Black Single, Card*BUSHNELL
43699883318*88331*Folding Rifle Cartridge Kodra Black Ammo Pouch-Magnum, Card*BUSHNELL
43699883615*88361*Pistol Mag Case Kodra Black Double Stack, Double Close, Card*BUSHNELL
43699883677*88367*Divided Pistol Mag Case Kodra Black Double Stack, Double Close, Card*BUSHNELL
43699883714*88371*Pistol Mag Case Kodra Black Single Stack, Double Close, Card*BUSHNELL
43699883813*88381*Belt Pouch Kodra Black All Purpose, Card*BUSHNELL
43699884018*88401*Cartridge Slide Kodra Black Handgun, Card*BUSHNELL
43699884117*88411*Cartridge Slide Kodra Black Rifle, Card*BUSHNELL
43699884414*88441*Cartridge Carrier Kodra Black Handgun Folding, Card*BUSHNELL
43699884513*88451*Folding Rifle Cartridge Kodra Black Ammo Pouch 10 Loop, Card*BUSHNELL
43699884711*88471*Cartridge Slide Kodra Black Shotgun, Card*BUSHNELL
43699884728*88472*Competition Shell Caddy 1x4, Matte Black 2 3/8" 12 ga shell Clip,Clam*BUSHNELL
43699884810*88481*Buttstock Shell Holder Kodra Black Rifle Open Style, Card*BUSHNELL
43699884827*88482*Buttstock Shell Holder Kodra Black Rifle w/Flap, Card*BUSHNELL
43699884834*88483*Buttstock Shell Holder Neoprene Black Rifle 6 Loops, Card*BUSHNELL
43699884919*88491*Buttstock Shell Holder Kodra Black Shotgun Open Style, Card*BUSHNELL
43699884926*88492*Buttstock Shell Holder Kodra Black Shotgun w/Flap, Card*BUSHNELL
43699884933*88493*Buttstock Shell Holder Neoprene Black Shotgun 5 Loops, Card*BUSHNELL
43699885213*88521*Pager Case Kodra Black Small , Card*BUSHNELL
43699885312*88531*Pager Case Kodra Black Medium , Card*BUSHNELL
43699886012*88601*Open Key Kodra Black Ring Holder, Card*BUSHNELL
43699886210*88621*Flashlight Ring Kodra Black D-Cell, Card*BUSHNELL
43699886715*88671*Mini Light Case Kodra Black Snap Close, w/Flap, Card*BUSHNELL
43699886913*88691*MKIV OC Case Kodra Black Snap Close, Card*BUSHNELL
43699887118*88711*Standard Key Kodra Black Ring Holder, Card*BUSHNELL
43699887712*88771*MKIII OC Case Kodra Black Snap Close, Card*BUSHNELL
43699888061*88806*Universal Radio Case Kodra Black w/Swivel Belt Loop, Card*BUSHNELL
43699888719*88871*Latex Glove Kodra Black Pouch Single Snap Close, Card*BUSHNELL
43699889617*88961*Latex Glove Kodra Black Pouch Double Snap Close, Card*BUSHNELL
43699890521*89052*OT ITP Holster Black Size 5, LH, Poly Bag*BUSHNELL
43699891511*89151*OT ITP Holster Black Size 15, RH, Poly Bag*BUSHNELL
43699900060*74221*Reflex Open Top Black Size 22, RH, Clam*BUSHNELL
43699900077*74211*Reflex Open Top Black Size 21, RH, Clam*BUSHNELL
43699910014*9107030907*Selection Guide Swivel POP , Loose*BUSHNELL
43699910021*9107040907*Selection Guide Holster POP , Loose*BUSHNELL
43699912582*9106181106*Authorized Dealer Decal*BUSHNELL
43699914371*9108291008*Event Banner*BUSHNELL
43699915583*9109411109*Uncle Mike's Swivel Blade*BUSHNELL
43699915590*9109421109*Uncle Mike's Sidekick Holster Blade*BUSHNELL
45618015992*801600T*4x20 VOLT 600 TILT Black, Vertical Single Button, Box 5L*BUSHNELL
45618016005*801600*4x20 VOLT 600 Black Vertical, Single Button, Box 5L*BUSHNELL
45618016012*801601*4x20 VOLT 600 ATAC Black, Vertical Single Button, Box 5L*BUSHNELL
45618077389*807738*4x32 Matte Truplex Handgun , Box*BUSHNELL
45618077396*807739*4x32 Silver Truplex Handgun , Box*BUSHNELL
45618104795*510479*3-9x50 Matte Truplex, Box*BUSHNELL
45618104801*510480*3-9x40 Silver Truplex, Box*BUSHNELL
45618104818*510481*3-9x40 Matte Truplex, Box*BUSHNELL
45618105136*510513*3-9x40 Matte Truplex, Box*BUSHNELL
45618105198*510519*3-9x50 Matte Truplex, Box*BUSHNELL
45618110222*511022*4x32 Matte Truplex With Rings , Box*BUSHNELL
45618110338*511033*4x32 Silver Truplex With Rings , Box*BUSHNELL
45618110376*511037*3-9x32 Silver Truplex With Rings, Box*BUSHNELL
45618110390*511039*3-9x32 Matte Truplex With Rings, Box*BUSHNELL
45618110727*511072*3-9x32 Matte Truplex With Rings, Adjustable Objective, Box*BUSHNELL
45618110734*511073*3-9x32 Silver Truplex With Rings, Adjustable Objective, Box*BUSHNELL
45618177935*517793*4x32 Matte ProDiamond Shotgun , Box*BUSHNELL
45618192365*119236CN*6MP Whitetail Cam Grey Case w/Night Vision, Clam Multi Lang*BUSHNELL
45618192389*119237CN*5MP Gray Case Black LED Night Vision, Clam*BUSHNELL
45618220099*822009*2-6x32 Matte Truplex Handgun , Box*BUSHNELL
45618220105*822010*2-6x32 Silver Truplex Handgun , Box*BUSHNELL
45618447700*447703*6-24x44 Matte Mil Dot Side Focus, Box*BUSHNELL
45618511340*511304*1x30 Matte, 3-MOA Dot Red/Green/Blue Illumin, Box*BUSHNELL
45618533120*533124*3-12x40 Matte, .17 Cal Turrets MC, Side Focus, Box*BUSHNELL
45618533946*533940*3-9x40 Matte, .22 LR Cal Turrets MC, Side Focus, Box*BUSHNELL
45618545185*654518*4.5-18x44 Matte, TruPlex, 30mm Tube, Side Focus, Box*BUSHNELL
45618551247*655124*1-6x 24 Predator/Varmint Black Riflescope Illuminated BDC, Box*BUSHNELL
45618562458*656245*6-24x50 Matte, TruPlex, 30mm Tube, Side Focus, Box*BUSHNELL
45618605131*560513*3-9x40 Matte Truplex, Clam*BUSHNELL
45618605148*560514*4x32 Matte Truplex, Clam*BUSHNELL
45618605209*560520*3-9x50 Matte Truplex, Clam*BUSHNELL
45618605247*560524*3-9x32 Matte Truplex, Clam*BUSHNELL
45618841140*841102*20-60x60mm Dark Grey,Hard Case, Tripod, Box*BUSHNELL
45618899417*899431*10x42 Black Roof Twist Up Eyecups, Clam*BUSHNELL
45618899516*899502*12x50 Black Roof Twist Up Eyecups, Clam*BUSHNELL
45618899851*899854M*10x25mm Camo FRP, Bilingual Clam*BUSHNELL
45618899875*899853M*8x21mm Black FRP, Bilingual Clam*BUSHNELL
45618914882*9108750109*Simmons Riflescope Display*BUSHNELL
46162001653*165RB*8x21mm Black Roof Prism Compact, Box*BUSHNELL
46162001660*165RBD*8x21mm Black Roof Prism Compact, Clam*BUSHNELL
46162001684*168RB*10x25mm Black Roof Prism Compact, Box*BUSHNELL
46162001691*168RBDM*10x25mm Black Roof Prism Compact, Clam Multi Lang*BUSHNELL
46162001790*178RBD*12x25mm Black Roof Prism Compact, Clam*BUSHNELL
46162005682*568RBD*10x25mm Black Roof Prism Monocular, Compact, Clam*BUSHNELL
46162005699*568BCRD*10x25mm Brwn Camo Monocular, Compact, Clam*BUSHNELL
46162012253*178BCRD*12x25mm Brown Camo R/Prism Compact, Clam*BUSHNELL
46162020012*2001BRZ*7x35mm Black Porro Prism Wide Angle, Zip Focus, Box*BUSHNELL
46162020234*2023BRZ*10x50mm Black Porro Prism Wide Angle, Zip Focus, Box*BUSHNELL
46162060667*40060660*60x800mm Gold Refractor, 660x Mag, 6x24 Finderscope, Box*BUSHNELL
46162080023*BA1545X32*1.5-4.5x32mm Black Matte ProShot Ret, Box*BUSHNELL
46162080061*MAG39X32*3-9x32mm Black Matte 30/30 Ret, w/ Rings, Clam*BUSHNELL
46162080122*PH39X40D*3-9x40mm Black Matte 30/30 Ret, Clam*BUSHNELL
46162080146*PH4X32D*4x32mm Black Matte 30/30 Ret , Clam*BUSHNELL
46162080191*RF4X15D*4x15mm Black Gloss Crosshair Ret, Clam*BUSHNELL
46162080214*BKRD30*1x30mm Black Matte 5 MOA Red Dot, Clam*BUSHNELL
46162080221*BKRD3022*1x30mm Black Matte 5 MOA Red Dot, Clam*BUSHNELL
46162080283*TG104050DS*10-40x50mm Black Matte Crosshair w/ 1/8 Dot Ret, Box*BUSHNELL
46162080429*DWC39X50N*3-9x50mm Black Matte 30/30 Ret, Box*BUSHNELL
46162080436*VAR251042M*2.5-10x42mm Black Matte True Mil-Dot Ret 1/4 MOA Turrets, Box*BUSHNELL
46162080443*VAR624X42M*6-24x42mm Black Matte True Mil-Dot Ret 1/4 MOA Turrets, Box*BUSHNELL
46162080450*WA39X40N*3-9x40mm Black Gloss 30/30 Ret, Box*BUSHNELL
46162080467*WA39X40STN*3-9x40mm Stainless Finish 30/30 Ret, Box*BUSHNELL
46162090053*40114675*114x900mm Gold Reflector, 675x Mag, 6x24 Finderscope, Box*BUSHNELL
46162090060*40060675*60x900mm Gold Refractor, 675x Mag, 6x24 Finderscope, Box*BUSHNELL
46162090121*30060402*60x700mm Blue Refractor 402x Mag, 6x24 Finderscope, Box*BUSHNELL
46162090299*793DSC*1" Black Matte Aluminum High Centerfire Rings, Clam*BUSHNELL
46162090305*797DSC*.22 Black Matte Aluminum Airgun Rings, Clam*BUSHNELL
46162090312*799DSC*.22 Peep Black Matte Aluminum Airgun Rings, Clam*BUSHNELL
46162090633*DWC39X40M*3-9x40mm Black Matte True Mil-Dot Ret, Box*BUSHNELL
46162091425*PDPRGD*1x26mm Black Matte 5 MOA Red/Green Dot, Box*BUSHNELL
46162092019*BKRD42RGD*1x42 Black Matte Illuminated 5 MOA Red Dot, Clam*BUSHNELL
46162092125*49TN*50x50mm Red Refractor w/ 900x Microscope, 2x Finderscope, Box*BUSHNELL
46162092224*WC39X40IR*3-9x40mm Black Matte Illuminated Ret, Box*BUSHNELL
46162092347*ES1032DM*10x32mm Black Roof Prism Compact, Clam*BUSHNELL
46162092361*ES1632DM*16x32mm Black Roof Prism Mid-Size FRP, Clam Multi Lang*BUSHNELL
46162092378*WC206060*20-60x60mm Gray/Black Porro Prism WP, FP, w/ Tripod, Box*BUSHNELL
46162092453*ES82425*8-24x25mm Black Porro Prism Zoom, Compact, Box*BUSHNELL
46162092545*PDTS132*1x32mm Black Matte 5 MOA Red Dot, Box*BUSHNELL
46162092842*WC20608045*20-60x80mm Gray/Black Porro Prism 45° EP, WP, FP,w/ TP, Box*BUSHNELL
46162092859*WC206080*20-60x80mm Gray/Black Porro Prism WP, FP, w/ Tripod, Box*BUSHNELL
46162092941*49114500*114x500mm SpaceStation Black Reflector ST Red Dot Finderscope, Box*BUSHNELL
46162092972*49070800*70x800mm SpaceStation Black Refractor AZ Red Dot Finderscope, Box*BUSHNELL
46162092989*49060700*60x700mm SpaceStation Black Refractor AZ Red Dot Finderscope, Box*BUSHNELL
46162093108*TS1042DM*10x42mm Black Roof Prism WP,FP, Clam Multi Lang*BUSHNELL
46162093139*TS104225DM*10x42+10x25 Combo Black Roof Prism Full Size+Compact, WP, Clam Multi Lang*BUSHNELL
46162093665*DWC39X46N*3-9x40 Matte VitalZone 500 Ret , Box*BUSHNELL
46162093672*DWC416X46N*4-16x40 Matte VitalZone 500 , Box*BUSHNELL
46162094273*TS1025B*10x25mm Black Roof Prism WP, Compact, Box 6L*BUSHNELL
46162094297*TS825B*8x25mm Black Roof Prism WP, Compact, Box 6L*BUSHNELL
46162094396*BKR42RGD*1x42 Propoint Matte Black, Illum 5 MOA Red Dot, Box 6 Language*BUSHNELL
51525000044*81060*Comfort V-Grip Black w/Swivels , Card*BUSHNELL
51525110002*40202A*One Piece Tactical Scope Cover, 02A Objective, Clam*BUSHNELL
51525110019*40303*One Piece Tactical Scope Cover, 03 Objective, Clam*BUSHNELL
51525110026*41011*One Piece Tactical Scope Cover, 10-11 Eyepiece, Clam*BUSHNELL
51525110033*41920*One Piece Tactical Scope Cover, 19-20 Eyepiece, Clam*BUSHNELL
51525110040*43031*One Piece Tactical Scope Cover, 30-31 Objective, Clam*BUSHNELL
51525110057*43334*One Piece Tactical Scope Cover, 33-34 Objective, Clam*BUSHNELL
51525110064*44647*One Piece Tactical Scope Cover, 46-47 Objective, Clam*BUSHNELL
51525140016*40010*30mm Tube Flip Open Black Red Dot Tactical, Clam*BUSHNELL
51525161233*16123*Bino Caddy Strap, Clam*BUSHNELL
51525161264*16126*Bone Collector Deluxe Bino Harness Black, Clam*BUSHNELL
51525190004*19000*Bikini, Clam*BUSHNELL
51525200109*MO20010*Flip Open 01 Eyepiece, Clam*BUSHNELL
51525200208*MO20020*Flip Open 02 Eyepiece, Clam*BUSHNELL
51525200352*MO20035*Flip Open 03 Eyepiece, Clam*BUSHNELL
51525200505*MO20050*Flip Open 05 Eyepiece, Clam*BUSHNELL
51525200703*MO20070*Flip Open 07 Eyepiece, Clam*BUSHNELL
51525200901*MO20090*Flip Open 09 Eyepiece, Clam*BUSHNELL
51525200956*MO20095*Flip Open 09A Eyepiece, Clam*BUSHNELL
51525201007*MO20100*Flip Open 10 Eyepiece, Clam*BUSHNELL
51525201106*MO20110*Flip Open 11 Eyepiece, Clam*BUSHNELL
51525201304*MO20130*Flip Open 13 Eyepiece, Clam*BUSHNELL
51525201403*MO20140*Flip Open 14 Eyepiece, Clam*BUSHNELL
51525201502*MO20150*Flip Open 15 Eyepiece, Clam*BUSHNELL
51525201601*20160*Flip Open 16 Eyepiece, Clam*BUSHNELL
51525201700*MO20170*Flip Open 17 Eyepiece, Clam*BUSHNELL
51525201809*MO20180*Flip Open 18 Eyepiece, Clam*BUSHNELL
51525201908*MO20190*Flip Open 19 Eyepiece, Clam*BUSHNELL
51525202004*MO20200*Flip Open 20 Eyepiece, Clam*BUSHNELL
51525210115*21011*Multiflex 10-11 Eyepiece, Clam*BUSHNELL
51525213147*21314*Multiflex 13-14 Eyepiece, Clam*BUSHNELL
51525216186*21618*Multiflex 16-17 Eyepiece, Clam*BUSHNELL
51525219200*21920*Multiflex 19-20 Eyepiece, Clam*BUSHNELL
51525234166*23416*Sling Rhino Rib Black w/Swivel, w/Gel, Card E/F*BUSHNELL
51525237006*23700*Air Sling Black,w/GelCoil Technology, Card E/F*BUSHNELL
51525237013*23701*Air Sling RTAP,w/GelCoil Technology, Card E/F*BUSHNELL
51525241010*MO112562*25 Round Steel Lips Clear Banana Magazine, Poly Bag*BUSHNELL
51525241027*MO112563*25 Round Steel Lips Smoke Banana Magazine, Poly Bag*BUSHNELL
51525242116*24211*50 Round Hot Lips Loader 10/22 , Blister*BUSHNELL
51525300106*MO30010*Flip Open 01 Objective, Clam*BUSHNELL
51525300205*MO30020*Flip Open 02 Objective, Clam*BUSHNELL
51525300250*MO30025*Flip Open 02A Objective, Clam*BUSHNELL
51525300304*30030*Flip Open 03A Objective, Clam*BUSHNELL
51525300359*30035*Flip Open 03 Objective, Clam*BUSHNELL
51525300403*30040*Flip Open 04 Objective, Clam*BUSHNELL
51525300502*30050*Flip Open 05 Objective, Clam*BUSHNELL
51525300700*30070*Flip Open 07 Objective, Clam*BUSHNELL
51525300908*30090*Flip Open 09 Objective, Clam*BUSHNELL
51525301004*30100*Flip Open 10 Objective, Clam*BUSHNELL
51525301103*30110*Flip Open 11 Objective, Clam*BUSHNELL
51525301202*30120*Flip Open 12 Objective, Clam*BUSHNELL
51525301301*30130*Flip Open 13 Objective, Clam*BUSHNELL
51525301509*30150*Flip Open 15 Objective, Clam*BUSHNELL
51525301707*30170*Flip Open 17 Objective, Clam*BUSHNELL
51525301905*30190*Flip Open 19 Objective, Clam*BUSHNELL
51525302001*30200*Flip Open 20 Objective, Clam*BUSHNELL
51525302100*30210*Flip Open 21 Objective, Clam*BUSHNELL
51525302308*30230*Flip Open 23 Objective, Clam*BUSHNELL
51525302506*30250*Flip Open 25 Objective, Clam*BUSHNELL
51525302605*30260*Flip Open 26 Objective, Clam*BUSHNELL
51525302704*30270*Flip Open 27 Objective, Clam*BUSHNELL
51525302803*30280*Flip Open 28 Objective, Clam*BUSHNELL
51525302902*30290*Flip Open 29 Objective, Clam*BUSHNELL
51525303008*30300*Flip Open 30 Objective, Clam*BUSHNELL
51525303107*30310*Flip Open 31 Objective, Clam*BUSHNELL
51525303305*30330*Flip Open 33 Objective, Clam*BUSHNELL
51525303404*30340*Flip Open 34 Objective, Clam*BUSHNELL
51525303909*30390*Flip Open 39 Objective, Clam*BUSHNELL
51525304005*30400*Flip Open 40 Objective, Clam*BUSHNELL
51525304302*30430*Flip Open 43 Objective, Clam*BUSHNELL
51525304401*30440*Flip Open 44 Objective, Clam*BUSHNELL
51525304500*30450*Flip Open 45 Objective, Clam*BUSHNELL
51525304609*30460*Flip Open 46 Objective, Clam*BUSHNELL
51525304708*30470*Flip Open 47 Objective, Clam*BUSHNELL
51525304807*30480*Flip Open 48 Objective, Clam*BUSHNELL
51525305101*30510*Flip Open 51 Objective, Clam*BUSHNELL
51525309109*30910*Multiflex 09-10 Objective , Clam*BUSHNELL
51525313151*31315*Multiflex 13-15 Objective , Clam*BUSHNELL
51525317197*31719*Multiflex 17-19 Objective , Clam*BUSHNELL
51525320210*32021*Multiflex 20-21 Objective , Clam*BUSHNELL
51525325277*32527*Multiflex 25-26-27 Objective , Clam*BUSHNELL
51525328292*32829*Multiflex 28-29 Objective , Clam*BUSHNELL
51525330318*33031*Multiflex 30-31 Objective , Clam*BUSHNELL
51525333340*33334*Multiflex 33-34 Objective , Clam*BUSHNELL
51525339403*33940*Multiflex 39-40 Objective , Clam*BUSHNELL
51525343448*34344*Multiflex 43-44 Objective , Clam*BUSHNELL
51525346470*34647*Multiflex 46-47 Objective , Clam*BUSHNELL
51525400059*MO112568*25 Round Hot Lips Clear Magazine 10/22, Poly Bag*BUSHNELL
51525400103*EXP 25/22S*25 Round Hot Lips Smoke Magazine 10/22, Poly Bag*BUSHNELL
51525400295*40029*Quick Detach Scope Cover Black Small EP/Small OBJ, Clam*BUSHNELL
51525400301*40030*Quick Detach Scope Cover Black Large EP/Small OBJ, Clam*BUSHNELL
51525400318*40031*Quick Detach Scope Cover Black Large EP/Large OBJ, Clam*BUSHNELL
51525400400*HL-10CL*10 Round Hot Lips Clear Magazine 10/22, Poly Bag*BUSHNELL
51525400424*SL-10CL*10 Round Steel Lips Clear , Skin Packed*BUSHNELL
51525413141*41314*One-Piece Tactical Flip Cap Scope Cover Size 13-14 EP*BUSHNELL
51525416005*41600*OBJ Sidewinder Black,Tactical Scope Cover, Clam*BUSHNELL
51525416012*41601*EP Sidewinder Black,Tactical Scope Cover, Clam*BUSHNELL
51525416180*41618*One-Piece Tactical Flip Cap Scope Cover Size 16-18 EP*BUSHNELL
51525425274*42527*One-Piece Tactical Flip Cap Scope Cover Size 25-27 OBJ*BUSHNELL
51525428299*42829*One-Piece Tactical Flip Cap Scope Cover Size 28-29 OBJ*BUSHNELL
51525443445*44344*One-Piece Tactical Flip Cap Scope Cover Size 43-44 OBJ*BUSHNELL
51525500018*MO50001*Cut To Length Shotgun Plug Black, Blister*BUSHNELL
51525503255*50325*Slip On Brown Small, Poly Bag*BUSHNELL
51525503262*50326*Slip On Brown Medium, Poly Bag*BUSHNELL
51525503279*50327*Slip On Brown Large, Poly Bag*BUSHNELL
51525702016*70201*Blizzard 1, Clam*BUSHNELL
51525702023*70202*Blizzard 2, Clam*BUSHNELL
51525702030*70203*Blizzard 3, Clam*BUSHNELL
51525702047*70204*Blizzard 4, Clam*BUSHNELL
51525702054*70205*Blizzard 5, Clam*BUSHNELL
51525702061*70206*Blizzard 6, Clam*BUSHNELL
51525702078*70207*Blizzard 7, Clam*BUSHNELL
51525702085*70208*Blizzard 8, Clam*BUSHNELL
51525702092*70209*Blizzard 9, Clam*BUSHNELL
51525702108*70210*Blizzard 10, Clam*BUSHNELL
51525702115*70211*Blizzard 11, Clam*BUSHNELL
51525800132*80013*Black Rifle, Card*BUSHNELL
51525800156*80015*Brown Rifle, Card*BUSHNELL
51525800170*80017*MOBU Rifle, Card*BUSHNELL
51525800231*80023*Black Shotgun, Card*BUSHNELL
51525800330*80033*Alaskan Magnum Black, Card*BUSHNELL
51525800378*80037*Alaskan Magnum MOBU, Card*BUSHNELL
51525800439*80043*Highlander Black, Card*BUSHNELL
51525800736*80073*Easy Rider Black, Card*BUSHNELL
51525800798*80079*EZ RTHW, Card*BUSHNELL
51525800835*80083*Easy Rider MOBU Shotgun, Card*BUSHNELL
51525800910*80091*Quick Carry Black, Card*BUSHNELL
51525800927*80092*Quick Carry MOBU, Card*BUSHNELL
51525810131*81013*Black Rifle w/Swivels, Card*BUSHNELL
51525810179*81017*MOBU Rifle w/Swivels, Card*BUSHNELL
51525810339*81033*Alaskan Magnum Black w/Swivels , Card*BUSHNELL
51525810438*81043*Highlander Bone Collector, Black w/Swivels, Card*BUSHNELL
51525910008*9107020907*Butler Creek Scope Cover Selection Guide*BUSHNELL
51525914358*9108271008*Event Banner*BUSHNELL
51525914440*9108361108*Display Blade Scope Covers , Loose*BUSHNELL
51525914457*9108371108*Display Blade Lula Loader , Loose*BUSHNELL
51525914464*9108381108*Display Blade Slings, Loose*BUSHNELL
94092002561*AL00710*1" Low Matte, Clam*BUSHNELL
94092002578*AL00711*1" Medium Matte, Clam*BUSHNELL
94092002585*AL00712*1" High Matte, Clam*BUSHNELL
94092002820*AL00010*1" Low Smooth, Clam*BUSHNELL
94092002837*AL00011*1" Medium Smooth, Clam*BUSHNELL
94092002844*AL00012*1" High Smooth, Clam*BUSHNELL
94092005425*TRD0005*1x 24 Speed Point Matte Red, Dot Tactical Rings, Box*BUSHNELL
94092006118*BB00905*Nickel Browning, A-Bolt 2 Piece, Clam*BUSHNELL
94092006620*SE00020*Saddle Matte Remington 870,1100,1187, 12 Gauge, Clam*BUSHNELL
94092006927*AL00717*30mm Medium Matte, Clam*BUSHNELL
94092006941*AL00718*30mm High Matte, Clam*BUSHNELL
94092007207*DT00732*1" Tactical Medium Matte, Clam,*BUSHNELL
94092007313*DT00731*1" Tactical Low Matte, Clam,*BUSHNELL
94092007504*DT00733*1" Tactical High Matte, Clam,*BUSHNELL
94092007894*DT00734*Tactical Rings 1" Extra High (AR)*BUSHNELL
94092008174*SE00706*1" Matte Marlin 336,30AS Series, Clam*BUSHNELL
94092008983*TP00702*1" Medium Matte Tip-Off, .22 Cal, Clam*BUSHNELL
94092008990*TP00705*1" High Matte Tip-Off, .22 Cal Clam*BUSHNELL
94092009898*QR1007*QRF Quick Release, Action Camera Mount, Clam*BUSHNELL
94092009904*QR1005*QRF Quick Release, Low Height Red Dot Mount, Clam*BUSHNELL
94092009911*QR1003*QRF Quick Release, Std. Height Red Dot Long Mount, Clam*BUSHNELL
94092009928*QR1001*QRF Quick Release, Std. Height Red Dot Mount, Clam*BUSHNELL
94092010559*RD00004*1x20 SP-1 Matte 3 MOA Dot 1 inch Tube, Box*BUSHNELL
94092010566*RD00904*1x20 SP-1 Silver 3 MOA Dot 1 inch Tube, Box*BUSHNELL
94092010573*RD00005*1x24 SP-2 Matte 5 MOA Dot 30mm Tube, Box*BUSHNELL
94092011716*RD00006*1x24 MultiDot SP Matte 3 5 8 10 MOA Dot 30mm Tube, Box*BUSHNELL
94092011808*MB00708*Matte Marlin 336,30AS Series 1 Piece, Clam*BUSHNELL
94092011907*PC00009*Matte Remington 700 Short Action RH 20 MOA, Clam*BUSHNELL
94092011952*PC00107*Remington 870 Shotgun Mount Matte Pre-Tapped, Clam*BUSHNELL
94092011969*PC00108*Mossberg 500 Shotgun Mount Matte Pre-Tapped, Clam*BUSHNELL
94092014144*TP00701*1" Low Matte Tip-Off, .22 Cal Clam*BUSHNELL
94092014373*AL00722*1" Extra High Matte AR-15 Flat Top, Clam*BUSHNELL
94092014953*DT00701*1" Low Matte Detachable, Clam*BUSHNELL
94092014960*DT00702*1" Medium Matte Detachable , Clam*BUSHNELL
94092014977*DT00703*1" High Matte Detachable, Clam*BUSHNELL
94092014991*DT00902*1" Medium Silver Detachable , Clam*BUSHNELL
94092016254*DT00708*22 Cal Medium Matte Detachable , Clam*BUSHNELL
94092016261*DT00709*22 Cal High Matte Detachable , Clam*BUSHNELL
94092016308*DT00714*30mm High Matte Tactical Detachable, Clam*BUSHNELL
94092016346*DT00706*30mm High Matte Detachable , Clam*BUSHNELL
94092016391*BK81001*4-16x50 TRS-1 Matte Tactical 30mm Tube Illuminated Mil Dot Bar, Box*BUSHNELL
94092016650*DT00715*30mm Medium Matte Tactical Detachable, Clam*BUSHNELL
94092016728*BK81004*6-25x56 LRS Matte Tactical 35mm Tube Rings Mil Dot Bar, Box*BUSHNELL
94092016872*DT00713*30mm Low Matte Tactical Detachable, Clam*BUSHNELL
94092017015*BK81006*6-25x56 LRS-1 Matte Illuminate Side Focus 35mm Tube .25 MOA w/rings,Box*BUSHNELL
94092018142*CP71111*1" Med Matte Winchester 70*BUSHNELL
94092018180*DT00031*One Piece Scope Mount 1" to 30mm, Clam*BUSHNELL
94092018203*DT00724*35mm Low Matte Tactical Detachable, Clam*BUSHNELL
94092018210*DT00725*35mm Medium Matte Tactical Detachable, Clam*BUSHNELL
94092018227*DT00726*35mm High Matte Tactical Detachable, Clam*BUSHNELL
94092019002*BK81008*4-16x50 Matte Tactical 30mm tube, Illum, .1 Mil Click, Box*BUSHNELL
94092020022*TRD2001*1x M-Pulse Matte 5 Red Dot, Rise Block, Box*BUSHNELL
94092061421*PC00001*Matte Remington 700 Short Action RH, Clam*BUSHNELL
94092071024*BK81007*6-25x56 LRS-1 Matte Illuminate Side Focus 35mm Tube .1mil w/rings, Box*BUSHNELL
94092103015*TRD1X30*1x 30 M-Force 5 MOA Dot Matte, Red Dot, Box*BUSHNELL
94092810012*BK81001A*4-16x50 Matte Mil Dot Bar, 30MM, .25 MOA, ATAC Camo, Box*BUSHNELL
94092810050*BK81005A*6-25x56 Matte Mil Dot Bar, 35MM, .1 Mil, ATAC Camo, Box*BUSHNELL
94092814232*BK81424A*1-4x24 DMS-1 ATAC Camo, Illuminated Donut Dot, Box*BUSHNELL
94092814249*BK81424*1-4x 24 Millett DMS - 1 Matte, Riflescope Illuminated Donut Dot, Box*BUSHNELL
94092816243*BK81624*1-6x 24 Millett DMS -2, Riflescope Illuminated BDC, Box*BUSHNELL
94092914154*9108130908*Event Banner, Loose*BUSHNELL
94092914871*9108740109*Millett Riflescope Display*BUSHNELL
94092915601*9109431109*Millett Rings & Bases Blade*BUSHNELL
638003222008*22200*Butt Stock Shell Holder Black, Rifle, Card*BUSHNELL
638003222015*22201*Butt Stock Shell Holder Black, Shotgun, Card*BUSHNELL
638003224040*22404*Scoped Rifle Case Black Small 40", Hang Tag*BUSHNELL
638003224118*22411*Scoped Rifle Case Black Medium 44", Hang Tag*BUSHNELL
638003224125*22412*Scoped Rifle Case Green Medium 44", Hang Tag*BUSHNELL
638003224163*22416*Scoped Rifle Case Black Large 48", Hang Tag*BUSHNELL
638003224170*22417*Scoped Rifle Case Green Large 48", Hang Tag*BUSHNELL
638003224262*22426*Shotgun Case Black Large 48" , Hang Tag*BUSHNELL
638003224316*22431*Shotgun Case Black XL 52" , Hang Tag*BUSHNELL
638003224323*22432*Shotgun Case Green XL 52" , Hang Tag*BUSHNELL
638003225207*22520*Range Bag Black Removable Hook & Loop Dividers, Hang Tag*BUSHNELL
29757101242*10R125ML*125 Lumen Headlight*BUSHNELL
29757102027*10R200ML*200 Lumen micro lantern*BUSHNELL
29757102515*10R250ML*250 Lumen Flashlight*BUSHNELL
29757105011*10R500ML*500 Lumen  Flashlight*BUSHNELL
29757119087*119515C*Screw In Camera Bracket with Adjustable Head*BUSHNELL
29757119094*119516C*Security Case - Lockable*BUSHNELL
29757119100*119517C*AC Power Cord, 10ft*BUSHNELL
29757119896*119518C*Adjustable Cable Lock*BUSHNELL
29757197399*119739*12MP NatureView HD Essential Cam, Low Glow, Green, Box 5L*BUSHNELL
29757197405*119740*14MP NatureView HD Cam with Live View, No Glow, Green, Box 5L*BUSHNELL
29757197542*119754C*Security Case, Agressor Cam, Tree Bark Camo, Clam 5L*BUSHNELL
29757331243*633124*3-12x40 Matte, TruPlex, BDC Turrets*BUSHNELL
29757331847*633184*6-18x40 Matte, TruPlex, BDC Turrets*BUSHNELL
29757339416*633941*3-9x40 Matte, TruPlex, BDC Turrets*BUSHNELL
46162080184*RF4X15*4x15mm Black Gloss Crosshair Ret, Box*BUSHNELL
29757331953*433195*One Shot Blind  MAX5, Box*FINAL APPROACH
29757318954*431895*Express MAX5, Box*FINAL APPROACH
29757431004*431845*Express MO Blades, Box*FINAL APPROACH
29757324955*432495*X2 MAX5, Box*FINAL APPROACH
29757432445*432445*X2 MO Blades, Box*FINAL APPROACH
29757329950*432995*Pack N Go SUB MAX5, Box*FINAL APPROACH
029757432940*432945*Pack N Go SUB Mossy Oak Blades, Box*FINAL APPROACH
29757327956*432795*Pro Guide XL MAX5, Box*FINAL APPROACH
29757046635*466205*UpNAtEm Blind Seat,Field Brown, Box*FINAL APPROACH
28752015639*436435*Deluxe Goose Flag Canada, Poly, Bag*FINAL APPROACH
28752017817*458900*Pro Guide XL White Snow Cover, Box*FINAL APPROACH
28752014984*436400*Double Trouble Goose Flag,Canada/Camo w/ Flag Bag, Poly Bag*FINAL APPROACH
28752017916*474170*Last Pass HD Honker,Full Body Field 6 Pack Starter Pack, Box*FINAL APPROACH
28752017923*474180*Last Pass HD Honker,Full Body Field 4 Pack Feeder, Box*FINAL APPROACH
029757474421*474174*Last Pass HD Lesser Canada,Full Body Field Outfitters 6 pack, Box*FINAL APPROACH
029757474032*474192*Last Pass HD Snow Goose,Full Body Field Outfitters 6 Pack  , Box*FINAL APPROACH
29757043436*474165*Last Pass HD Honker Shells,12 Pack, Box*FINAL APPROACH
29757741882*474188*Last Pass HD Snow Goose, Shells Pack Outfitters 12 Pack, Box*FINAL APPROACH
29757043412*474151*Last Pass HD Honker Floating,6 Pack Active, Box*FINAL APPROACH
29757474162*474156*Last Pass HD Snow Goose, Floating 4 Pack, Box*FINAL APPROACH
29757020062*474161*Standard Size Canada Floater,6 pack, Box*FINAL APPROACH
28752017930*474230*Gunner HD Mallard, Full Body Field 6 Pack Starter Pack, Box*FINAL APPROACH
28752017978*474270*Gunner HD Mallard Floating,6 Pack, Box*FINAL APPROACH
29757458391*474350*Gunner HD Wood Duck Floating,6 Pack, Box*FINAL APPROACH
29757020055*475005*FA Mallard Special 12 pk, Box*FINAL APPROACH
029757585950*458595*Large Layout Blind Bag (MAX5 & MOB)*FINAL APPROACH
29757585455*458545*Large Layout Blind Bag, Mossy Oak Blades*FINAL APPROACH
029757584953*458495*Large Floating Blind Bag MAX5*FINAL APPROACH
29757584458*458445*Large Floating Blind Bag, Mossy Oak Blades*FINAL APPROACH
029757575951*457595*Medium Backpack MAX5*FINAL APPROACH
29757575968*457596*Medium Backpack Mossy, Oak Blades*FINAL APPROACH
28752018005*438170*Full body goose decoy bag (6 slot)*FINAL APPROACH
28752050081*438050*Wide Mouth decoy bag*FINAL APPROACH
29757458421*469590*Nylon Mesh decoy bag*FINAL APPROACH
029757483959*448395*Feather Weight Sling with swivels MAX 5*FINAL APPROACH
029757483454*448345*Feather Weight Sling with swivels MO Blades*FINAL APPROACH
26285510447*902CN*2oz No. 9 Solvent Bore Cleaner*HOPPE'S
26285510461*904CN*4oz No. 9 Solvent Bore Cleaner*HOPPE'S
26285440003*916CN*No. 9 Solvent 1 Pint Bore Cleaner*HOPPE'S
26285510423*1003*Lubricating Oil 2.25oz Bottle*HOPPE'S
26285161007*1610CN*Lubricating Oil 10oz Aerosol*HOPPE'S
26285280036*BVGO2CN*Boresanake Venom 2oz Gun Oil*HOPPE'S
26285280012*BVGC2CN*Boresnake Venom 2oz Gun Cleaner*HOPPE'S
26285280029*BR904CN*Bench Rest 9 Copper Solvent, 5oz Bottle*HOPPE'S
26285650105*1003G*Hoppe's No. 9 Synthetic Blend, 2 oz Gun Oil, Bottle*HOPPE'S
26285009026*902GCN*Hoppe's 9 Synthetic Blend 2.oz Gun Bore Cleaner*HOPPE'S
26285009040*904GCN*Hoppe's 9 Synthetic Blend 5.oz Gun Bore Cleaner*HOPPE'S
26285009163*916GCN*Hoppe's 9 Synthetic Blend 16.oz, Gun Bore Cleaner*HOPPE'S
26285009323*932GCN*Hoppe's 9 Synthetic Blend 32 .oz, Gun Bore Cleaner*HOPPE'S
26285095012*9501GCN*Hoppe's 9 Synthetic Blend Gallon, Gun Bore Cleaner*HOPPE'S
26285025019*030-2501*Hoppe's Synthetic Blend Essential Gun Cleaning Kit*HOPPE'S
26285517255*E2CO*2 oz Elite Oil, Cleaner Dual Pack, Clam*HOPPE'S
26285060027*GC2CN*2 oz Elite Gun Cleaner , Bottle E/F*HOPPE'S
26285060010*GC4CN*4 oz Elite Gun Cleaner, Bottle*HOPPE'S
26285290004*GC4ACN*Elite Aerosol Gun Cleaner*HOPPE'S
26285060003*EFGC4CN*4 oz Elite Foaming Gun Cleaner , Bottle*HOPPE'S
26285060041*GO2CN*2 oz Elite Gun Oil, Bottle E/F*HOPPE'S
26285060065*GO4CN*4 oz Elite Gun Oil, Bottle*HOPPE'S
26285060034*ECC4CN*Copper Cutter Terminator 4 oz. bottle*HOPPE'S
26285060072*GOT2CN*Hoppe's Elite Gun Oil T3 2 oz , Bottle E/F*HOPPE'S
26285060058*GOT4CN*Hoppe's Elite Gun Oil T3 4 oz , Bottle E/F*HOPPE'S
26285290011*GO4ACN*Elite Aerosol Gun Oil T3*HOPPE'S
26285040111*34011CN*Soft-Sided Cleaning Kit .22 Cal RifleClam E/F*HOPPE'S
26285040159*34015CN*Soft-Sided Cleaning Kit .30 Cal RifleClam E/F*HOPPE'S
26285040357*34035CN*Soft-Sided Cleaning Kit 12 Gauge ShotgunClam E/F*HOPPE'S
26285511901*BUOXCN*Rifle & Shotgun Cleaning Kit*HOPPE'S
26285440058*UOCN*Shotgun Cleaning Kit*HOPPE'S
26285440041*UOBCN*Rifle & Shotgun Cleaning Kit*HOPPE'S
26285440027*U22BCN*.22-.225 Cleaning Kit*HOPPE'S
26285440034*U30BCN*.30-.32 Cleaning Kit*HOPPE'S
26285131543*SGOUBCN*Cleaning Kit All Gauges Shotgun Legend*HOPPE'S
26285131529*U243BCN*Cleaning Kit .243-.257 caliber, 6, 6.5mm*HOPPE'S
26285131512*D17BCN*Cleaning Kit .17-.204 Caliber w/ 3 Piece Steel Rod, Clam E/F*HOPPE'S
26285151558*SGO12BCN*Cleaning Kit 12 Gauge w/ Alum Rod, Clam E/F*HOPPE'S
26285131536*U270BCN*Cleaning Kit .270, .280 Caliber, 7mm, Clam E/F*HOPPE'S
763705103062*070-1356CN*M-Pro 7 Synthetic Grease, 0.5 .oz syringe, Blister*HOPPE'S
763705100030*070-1002CN*4 oz M-Pro 7 Gun Cleaner Spray , Bottle*HOPPE'S
763705100078*070-1005CN*8 oz M-Pro 7 Gun Cleaner Spray , Bottle*HOPPE'S
763705103550*070-1452CN*2 oz. LPX Gun Oil M-PRO 7, Bottle*HOPPE'S
763705103567*070-1453CN*4 oz. LPX Gun Oil M-PRO 7, Bottle*HOPPE'S
763705103246*070-1150CN*2 oz M-Pro 7 Copper Solvent , Bottle*HOPPE'S
763705103253*070-1151CN*4 oz M-Pro 7 Copper Solvent , Bottle*HOPPE'S
763705105301*070-1505CN*070-1505CN Cleaning Kit Tactical, Box E/F*HOPPE'S
763705105318*070-1507CN*070-1507CN Small Arms Cleaning Kit*HOPPE'S
10135402518*40251*The TRUTH 25 - Spring Turkey Hunting*PRIMO
10135411114*41111*The TRUTH 11 - Calling All Coyotes*PRIMO
10135432294*43229*The TRUTH 22 - BIG Bucks*PRIMO
10135421717*42171*The TRUTH 17 - BIG Bulls*PRIMO
10135402419*40241*The TRUTH 24 - Spring Turkey Hunting*PRIMO
10135402617*40261*TRUTH 26 Spring Turkey Hunting, DVD, Loose*PRIMO
10135411015*41101*The TRUTH 10 - Calling All Coyotes*PRIMO
10135432119*PS43211*The TRUTH 21 - BIG Bucks*PRIMO
10135461010*46101*The TRUTH 10 - Bowhunting*PRIMO
10135421618*42161*The TRUTH 16 - BIG Bulls*PRIMO
10135490515*PS49051*The TRUTH 3 Big Game*PRIMO
10135432010*PS43201*The TRUTH 20 - BIG Bucks*PRIMO
10135460914*46091*The TRUTH 9 - Bowhunting*PRIMO
10135460815*46081*The TRUTH 8 - Bowhunting*PRIMO
10135450717*45071*The TRUTH 7 - Incoming*PRIMO
10135442125*44212*Mastering The Art - Elk*PRIMO
10135443122*44312*Mastering The Art - Deer*PRIMO
10135445119*44511*Mastering The Art - Waterfowl*PRIMO
10135446116*44611*Mastering The Art - Ground Blind Hunting*PRIMO
10135002848*284*2015 Osceola Lil Heartbreaker, Single Sided Box Call, Box*PRIMO
10135002855*285*2015 Osceola Heartbreaker Pot, Glass Call, Box*PRIMO
10135002411*241*Bamboozled Pot, Trap*PRIMO
10135002428*242*Bamboozled Box, Trap*PRIMO
10135012564*PS1256*Hacked Off Buzz Cut*PRIMO
10135012571*PS1257CN*Hacked Off Saw Tooth*PRIMO
10135012267*1226*Will Primos-1*PRIMO
10135011727*1172CN*Sonic Dome Double*PRIMO
10135011741*1174*Sonic Dome Double with Bat Cut*PRIMO
10135011758*PS1175*Sonic Dome Triple with Bat Cut*PRIMO
10135011765*PS1176*Sonic Dome Single with Double Cut*PRIMO
10135011932*PS1193*Mini Sonic Dome Triple with Bat Cut*PRIMO
10135011833*1183CN*A-Frame Double with Bat Cut*PRIMO
10135011840*PS1184*A-Frame Double with Double Cut*PRIMO
10135011857*PS1185*A-Frame Triple with Diamond Cut*PRIMO
10135011864*PS1186*A-Frame Triple with Bat Cut*PRIMO
10135012717*1271*A-Frame True Double*PRIMO
10135669089*66908*Hook Hunter Mouth Call Case*PRIMO
10135012458*1245*Hook Hunter Curved Hooks - Crew Cut*PRIMO
10135012441*PS1244*Hook Hunter 2" Hooks - Ghost Cut*PRIMO
10135012465*PS1246CN*Hook Hunter Long Hooks - Upper Cut*PRIMO
10135124700*PS1247CN*Hook Hunter Sharp Hooks - Spike Cut*PRIMO
10135125202*PS1252CN*Hook Hunter Mouth Call 2-Pak*PRIMO
10135001025*PS102*Limb Hanger*PRIMO
10135001117*PS111CN*Cuttin' Hen*PRIMO
10135001148*PS114CN*Diamond Cutter*PRIMO
10135001087*PS108CN*True Double*PRIMO
10135001100*PS110*True Double II*PRIMO
10135001155*PS115*Deadly Double*PRIMO
10135001094*PS109*True Triple*PRIMO
10135440121*44012*Mastering The Art Turkey*PRIMO
10135121501*PS1215CN*Mastering The Art - Turkey "Mouth Calls Made Easy"*PRIMO
10135012144*PS1214CN*Cutter 3-Pak*PRIMO
10135669072*66907CN*Lock Jaw Box Call Band*PRIMO
10135006280*628CN*Box Call Chalk*PRIMO
10135006686*668CN*Slick Stick*PRIMO
10135025908*259CN*Hook Up Magnetic Box (French/English)*PRIMO
10135002718*271CN*Super Freak Strap-On Box Call*PRIMO
10135026806*268CN*Matchbox*PRIMO
10135002633*263*Lil' Hot Box*PRIMO
10135002435*243*Box Cutter*PRIMO
10135002558*255CN*Wet Box*PRIMO
10135002602*260*Purple Haze Crystal Pot, Trap*PRIMO
10135002503*250CN*Kung Fu Grip Crystal Pot*PRIMO
10135002701*270*Super Freak Strap-On Pot Call*PRIMO
10135002480*248*Sonic Dome Crystal Pot*PRIMO
10135002725*272CN*Turkey Starter Pak 1*PRIMO
10135002176*217CN*Power Crystal*PRIMO
10135002169*216*JACKPOT with Slate*PRIMO
10135002589*258CN*JACKPOT with Glass*PRIMO
10135002237*PS223*AlumiSlate*PRIMO
10135002244*PS224*Ol' Betsy*PRIMO
10135006877*687CN*Striker 3 Pak*PRIMO
10135015046*PS1504*Triple Seven Striker*PRIMO
10135015084*PS1508*Cuttin' Striker*PRIMO
10135036003*360CN*Old Crow*PRIMO
10135003302*330*Power Crow*PRIMO
10135003029*302*Crow Call*PRIMO
10135003524*352*Power Hawk*PRIMO
10135003364*336*Peacock*PRIMO
10135035907*PS359CN*Shock'n Owl*PRIMO
10135031404*314CN*Hoot Flute*PRIMO
10135003319*331*Power Owl*PRIMO
10135027407*274CN*Double Gobble*PRIMO
10135020903*PS209CN*Bombshell*PRIMO
10135002220*PS222*The Gobbler "Shaker Call"*PRIMO
10135003487*PS348*Wing Bone Yelper*PRIMO
10135003722*372*The Third Degree*PRIMO
10135003678*PS367*Female Whimper*PRIMO
10135003654*PS365*Double Cottontail*PRIMO
10135003661*366*Double Jackrabbit*PRIMO
10135003159*315*Ki-Yi*PRIMO
10135003555*355*CatNip*PRIMO
10135003517*PS351*Hot Dog*PRIMO
10135003500*PS350*Lil' Dog*PRIMO
10135017231*PS1723*Randy Anderson Mouth Call 2-Pak*PRIMO
10135017248*1724*Randy Anderson - Mouth Call Howler Pak*PRIMO
10135037598*3759*Dogg Catcher Predator Call*PRIMO
10135037574*3757*BOSS Dogg*PRIMO
10135037581*3758*Speak Easy Electronic Predator Calling System*PRIMO
10135037550*3755*Turbo Dogg*PRIMO
10135037567*3756*Alpha Dogg*PRIMO
10135003234*PS323*Raspy Coaxer*PRIMO
10135003135*PS313*Coyote Bear Buster*PRIMO
10135003043*304*Mouse Squeeze*PRIMO
10135003241*PS324*Still Mouse Squeaker*PRIMO
10135003067*306*Still Jackrabbit*PRIMO
10135003166*316*Still Cottontail Rabbit*PRIMO
10135003548*354*Mastering The Art Predator Pak*PRIMO
10135003531*353*Predator Master Pak*PRIMO
10135696283*69628*5 Call Lanyard*PRIMO
10135696290*69629*3 Call Lanyard*PRIMO
10135006068*606*Double Lanyard*PRIMO
10135006051*605*Single Lanyard*PRIMO
10135016418*1641*Sonic Dome Single*PRIMO
10135016425*1642*Sonic Dome Double*PRIMO
10135016432*1643*Sonic Dome Triple*PRIMO
10135016470*PS1647*Mini Sonic Dome Single*PRIMO
10135016487*1648*Mini Sonic Dome Double*PRIMO
10135001339*133*Elk Select 4*PRIMO
10135001582*158*Sentry Plate Single*PRIMO
10135001599*159*Ivory Plate Single*PRIMO
10135001605*160*Imperial Plate Double*PRIMO
10135001612*PS161*Hyper Plate Double*PRIMO
10135001575*PS157*Top Pin*PRIMO
10135016517*1651*Mastering The Art - Elk "Mouth Calls Made Easy"*PRIMO
10135016500*1650*Elk 3-Pak*PRIMO
10135016524*1652*Mini Sonic Dome Elk 3-Pak*PRIMO
10135009434*943*Elk Hunter's Master Pak*PRIMO
10135009465*946*Bullet Bugle*PRIMO
10135009397*939*Super Pack Bugle*PRIMO
10135009120*912*Bull Horn*PRIMO
10135009069*906*Blue "Snap-On" Bugle Reeds*PRIMO
10135009380*938*Baffle Bugle*PRIMO
10135009045*PS904*Terminator*PRIMO
10135009458*945*Lip Service*PRIMO
10135009441*944*Hoochie Pak*PRIMO
10135100209*PS930CN*Hoochie Mama*PRIMO
10135009427*942*Baby Hoochie Mama*PRIMO
10135100216*PS935CN*Imaka Da Bullcrazy*PRIMO
10135009410*941*Long Range Imaka Da Bullcrazy*PRIMO
10135009373*937*Cow Girl*PRIMO
10135009335*PS933*Hyper LIP Single with Tone Converter*PRIMO
10135009342*PS934*Hyper LIP Double with Tone Converter*PRIMO
10135006181*618*No-Lose Call Case*PRIMO
10135006198*619*See Thru Call Case*PRIMO
10135100117*PS7062CN*THE Original CAN with Grip Rings*PRIMO
10135100124*PS7063CN*THE Long CAN with Grip Rings*PRIMO
10135007317*731*THE Lil' CAN*PRIMO
10135007386*738*THE GREAT BIG CAN*PRIMO
10135007133*713*THE CAN Family Pak*PRIMO
10135007706*770*Bottle Neck Grunt*PRIMO
10135007690*769*Magnum ROAR*PRIMO
10135100131*750CN*BUCK ROAR*PRIMO
10135007515*751*Little Big  ROAR*PRIMO
10135007294*729*Power Buck & Doe*PRIMO
10135007072*707*Trophy Grunter*PRIMO
10135007010*701*Hardwood Grunter*PRIMO
10135007607*760*Challenge Wheeze*PRIMO
10135007379*737*RubberNeck*PRIMO
10135007089*708*Still Grunter*PRIMO
10135007362*736*Power Mule Deer & Blacktail Grunter*PRIMO
10135007577*757*Shawty - Hands Free Buck & Doe*PRIMO
10135007713*771*Rack-N -Roll*PRIMO
10135100179*710CN*Fightin' Horns*PRIMO
10135007300*730*BIG Bucks Bag*PRIMO
10135007218*721*Hardwood Fawn Bleat*PRIMO
10135007027*702*Deer Bleat and Bawl*PRIMO
10135077310*PS7731*Wind Checker - 2 oz.*PRIMO
10135077549*PS7754*Speak Easy Electronic Deer Calling System*PRIMO
10135100193*747CN*Deer Calling Pak*PRIMO
10135007539*753*Mastering The Art - Deer Pak*PRIMO
10135008604*860*Mean Mallard Double Reed*PRIMO
10135008208*820*Original Wench*PRIMO
10135008192*819*Timber Wench*PRIMO
10135008796*879*Loretta Hen*PRIMO
10135008383*838*High Roller*PRIMO
10135008130*PS813*Duck Whistle & Mallard Drake Grunt*PRIMO
10135008390*839*Power Drake and Duck Whistle*PRIMO
10135008581*858*P.H.A.T Lady*PRIMO
10135008598*859*Yo' Sista*PRIMO
10135008826*882*Classic Wood Duck*PRIMO
10135008079*PS807*Wood Duck*PRIMO
10135008895*889*Teal*PRIMO
10135008291*829*Feedin' Mallard*PRIMO
10135008468*846*The Nag*PRIMO
10135008048*PS804*Pro Mallard*PRIMO
10135008055*805*Easy Mallard*PRIMO
10135008680*868*Shock Caller Goose Call*PRIMO
10135008666*866*Honky Tonk*PRIMO
10135008260*826*Shaved Reed Speck*PRIMO
10135008284*828*Shaved Reed Snow*PRIMO
10135008512*PS851*Big Easy*PRIMO
10135008116*PS811*Canada Goose Flute*PRIMO
10135008802*880*Mastering The Art - Duck Pak*PRIMO
10135008772*877*Mastering The Art - Goose Pak*PRIMO
10135003203*PS320*Hog Grunter*PRIMO
10135003210*PS321*Hog Squealer*PRIMO
10135003739*373*Squirrel Buster*PRIMO
10135003128*PS312*Javelina Call*PRIMO
10135003104*PS310*Coon Squaller*PRIMO
10135003425*342*Pheasant*PRIMO
10135003470*347*Magnum Chukar*PRIMO
10135003623*362*Dove Call*PRIMO
10135003395*PS339*Valley Quail*PRIMO
10135003418*PS341*Mountain Quail*PRIMO
10135003111*PS311*Hawk/Quail Whistle*PRIMO
10135100162*918CN*Moose Horn*PRIMO
10135009366*936*Antelope Buster Pak*PRIMO
10135600723*60072*Shack Attack*PRIMO
10135651008*65100*The CLUB*PRIMO
10135051013*65101CN*The CLUB XL (French/English)*PRIMO
10135651022*65102*The CLUB XXL*PRIMO
10135600617*PS60061*Double Wide Delux Blind*PRIMO
10135600556*PS60055*Double Bull Pen*PRIMO
10135600877*PS60087*Double Bull Blind Frame Pack*PRIMO
10135600860*PS60086*Primos Double Bull Blind Stakes - 4 pack*PRIMO
10135065553*PS6555*Flex-A-Bull Bow Holder - 2 pak*PRIMO
10135600822*PS60082*Ground Blind Bow Holder*PRIMO
10135600846*PS60084*QS3 Magnum - Ground Swat Camo*PRIMO
10135600891*PS60089*Brush Lock*PRIMO
10135063726*6372*Camo Burlap - Pre-Cut - Mossy Oak New Break-Up  12ft x 54in*PRIMO
10135063719*6371*Burlap - Bulk Roll - 54in wide x 150ft long - Mossy Oak New Break-Up*PRIMO
10135060930*6093CN*Up-N-Down Stake Out Adjustable Ground Blind*PRIMO
0-10135-00053-0*63053CN*6MP Bullet Proof, Green, Low Glow*PRIMO
10135630546*63054CN*8MP Proof Cam 35 OD Green, Low Glow, Trap*PRIMO
10135630553*63055CN*10MP Proof Cam 46 Matrix, Low Glow, Trap*PRIMO
10135630560*63056CN*10MP Proof Cam 60 Ground Swat, Black LED, Trap*PRIMO
10135630966*63096*Cable Lock, Black Adjustable, Card*PRIMO
10135630959*63095*Ultra Security Case - Matrix Camo*PRIMO
0-10135-63097-3*63097*Proof Cam Security Case - Truth Camo*PRIMO
10135630911*63091*Camera Glove Protective Case*PRIMO
10135585228*58522*Swamp Donkey Crushed Honey Locust*PRIMO
10135585235*58523*Swamp Donkey Crushed White Oak*PRIMO
10135587475*58747*Donkey Butter Molasses 24oz*PRIMO
10135587482*58748*Donkey Butter Peanut 24oz*PRIMO
10135588281*58828*Donkey Juice*PRIMO
10135588274*58827*Red Spot Mineral Syrup - 1 Gallon*PRIMO
10135588243*58824*Red Spot Premium Mineral Site Ignitor - 4.5 lb Bag*PRIMO
10135587079*58707*Red Spot Premium Mineral Site Ignitor  - 4 lb Salt Block*PRIMO
10135585211*58521*Swamp Donkey Crushed Attractant - 6 lb. bag*PRIMO
10135588526*58852*Swamp Donkey Original Formula Pellet Attrractant - 25 lb bag  PALLET ONLY - QTY 25*PRIMO
10135587314*58731*Molasses "Stuffed" Protein Block - 15 lbs.*PRIMO
10135587031*58703*4 LB. Deer Lick Block - Sweet Corn*PRIMO
10135587048*58704*4 LB. Deer Lick Block - Sweet Acorn*PRIMO
10135589011*58901*APORKALYPSE Now (Black Granular - HOG)*PRIMO
10135585402*58540*Pork Chop (Crushed Block - HOG)*PRIMO
10135580964*58096*Complete Control Kit*PRIMO
10135580117*58011*Continuous Spray 14 oz.*PRIMO
10135580742*58074*Scent Eliminating Shampoo & Conditioner 8 oz.*PRIMO
10135580063*58006*Scent Eliminator Spray 16 oz.*PRIMO
10135580070*58007*Scent Eliminator Spray 32 oz.*PRIMO
10135580094*58009*Scent Eliminator Spray Earth 32 oz.*PRIMO
10135580469*58046*Scent Eliminating Laundry Detergent 32 oz.*PRIMO
10135580735*58073*Scent Eliminator Body Soap & Shampoo 16 oz.*PRIMO
10135580759*58075*Scent Eliminating 3.5 oz. Bar Soap*PRIMO
10135580766*58076*Pit Stick 2.25 oz.*PRIMO
10135580476*58047*Scent Eliminating Dryer Sheets - 16 count pack*PRIMO
10135581015*58101*Control Freak Storage Bag*PRIMO
10135060176*6017*Cut Back Pak*PRIMO
10135060183*6018*Folding Saw*PRIMO
10135060190*6019*Folding Saw Replacement Blades*PRIMO
10135068646*PS6864*Soft Bow Case - Mossy Oak New Break-Up with pocket*PRIMO
10135656157*65615*Neoprene Bow Sling - Mossy Oak Break-Up*PRIMO
10135656171*65617CN*Neoprene Bow Sling - Realtree AP Xtra*PRIMO
10135065416*PS6541*Arm Guard*PRIMO
10135065485*PS6548*Compact Arm Guard*PRIMO
10135065348*PS6534*Mini Bowhanger - Folded Length 8"; Extended Length 14"*PRIMO
10135065317*PS6531*Bow Hanger - Folded Length 13.5"; Extended Length 20"*PRIMO
10135065393*6539*Tree Accessory Holders - 6 pack*PRIMO
10135065409*PS6540*Tree Accessory Holders  - Individual in 50 pc. PDQ*PRIMO
10135065355*PS6535*Bow Holster*PRIMO
10135065331*PS6533*Pull-Up Rope*PRIMO
10135100025*65801M*Trigger Stick - Short Mono Pod  (21"- 30")  GEN 2 (French/English)*PRIMO
10135100018*65802M*Trigger Stick - Tall Mono Pod  (33"- 65")  GEN 2 (French/English)*PRIMO
10135100049*65804M*Trigger Stick Bi Pod  GEN 2 (French/English)*PRIMO
10135100278*65805M*Trigger Stick Short Tri Pod  (18" - 38")  GEN 2 (French/English)*PRIMO
10135100032*65807M*Trigger Stick "Deluxe" Tri Pod Jim Shockey (24"- 62") GEN 2 (French/English)*PRIMO
10135658083*65808CN*2-Point Gun Rest*PRIMO
10135654801*65480*PoleCat Mono Pod Short*PRIMO
10135654825*65482CN*PoleCat Bi Pod Short*PRIMO
10135654832*65483*PoleCat Bi Pod Tall*PRIMO
10135654849*65484*PoleCat Tri Pod*PRIMO
10135654870*65487CN*PoleCat Rapid Pivot Bi Pod*PRIMO
10135654887*65488*PoleCat Steady Stix*PRIMO
10135654894*65489CN*PoleCat Steady Stix Magnum*PRIMO
10135654986*65498*Mono Pod Treestand Attachment*PRIMO
10135065577*PS6557*Gobbler Vest - L/XL - Xtra Green*PRIMO
10135065584*PS6558*Gobbler Vest - 2XL/3XL - Xtra Green*PRIMO
10135065607*PS6560*Gobbler Vest - L/XL - Mossy Oak Obsession*PRIMO
10135065614*PS6561*Gobbler Vest - 2XL/3XL - Mossy Oak Obsession*PRIMO
10135656201*PS6562CN*Strap Turkey Vest - M/L - Xtra Green*PRIMO
10135656003*PS6563CN*Strap Turkey Vest - XL/2XL -Extra Green*PRIMO
10135065645*PS6564*Strap Turkey Vest - M/L - Mossy Oak Obsession*PRIMO
10135065669*PS6566*Strap Turkey Vest - XL/2XL - Mossy Oak Obsession*PRIMO
10135657017*65701*Gunhunter's Vest - Med - Blaze Orange*PRIMO
10135657024*65702*Gunhunter's Vest - Lg - Blaze Orange*PRIMO
10135657031*65703*Gunhunter's Vest - XL - Blaze Orange*PRIMO
10135657048*65704*Gunhunter's Vest - XXL - Blaze Orange*PRIMO
10135657055*65705*Gunhunter's Vest - 3XL - Blaze Orange*PRIMO
10135063658*6365*Blaze Orange Vest - Adult Size*PRIMO
10135000950*PS60095CN*WingMan Chair (French/English)*PRIMO
10135669010*66901CN*Twin Cheeks Cushion - Mossy Oak New Break-Up*PRIMO
10135604103*6041CN*Shotgun Patterning Turkey Target*PRIMO
10135656294*65629*Scoped Rifle Case - Mossy Oak New Break-Up - Water Resistant*PRIMO
10135696092*69609*FA Floating Shotgun Case Max 5*PRIMO
10135690656*69065*Gobbstopper HD Submissive Hen*PRIMO
10135590666*69066*Gobbstopper HD Submissive Jake*PRIMO
10135690670*69067*Chicken on a Stick*PRIMO
10135090258*69025CN*Dirty B Injured Gobbler Decoy (French/English)*PRIMO
10135090210*69021CN*Killer B (French/English)*PRIMO
10135090418*69041CN*B-Mobile (French/English)*PRIMO
10135090937*69093CN*Upright Jake*PRIMO
10135090616*69061CN*She-Mobile*PRIMO
10135690441*69044*Mobile Series Ground Breaker Decoy Stake*PRIMO
10135626068*62606*Waggin' Whitetail*PRIMO
10135626013*62601*Scar*PRIMO
10135627010*62701*Sit N Spin Crazy Critter*PRIMO
10135627027*62702*Wooly Bully*PRIMO
10135627034*62703*Frantic Fawn*PRIMO
10135627058*62705*Whobbling Whabbit*PRIMO
10135627218*62721*Stray Cat Predator Motion Decoy w/ Remote*PRIMO
10135627102*62710*Decoy Heart*PRIMO
10135694012*69401*Jelly Head Mag 12 ga Mossb .690*PRIMO
10135094058*69405CN*Jelly Head Mag 1 2ga Rem .660 (French/English)*PRIMO
10135094027*69402CN*Jelly Head Mag 12 ga Ben/Ber (French/English)*PRIMO
10135094041*69404CN*Jelly Head Mag 12 ga Invect Pls (French/English)*PRIMO
10135694067*69406*Jelly Head Mag 12 ga Invect .660*PRIMO
10135694074*69407*Jelly Head Mag 12 ga Ben SBEII*PRIMO
10135694081*69408*Jelly Head Mag 12 ga Ber Xtrem*PRIMO
10135694098*69409*Jelly Head Mag 20 ga Ben/Ber*PRIMO
10135694036*69403*Jelly Head Mag 20 ga Rem .570*PRIMO
10135067717*PS6771*Tight-Wad Turkey Choke Tube - 12 ga Remington - .660 constriction.*PRIMO
10135067724*PS6772*Tight-Wad Turkey Choke Tube - 12 ga Benelli/Beretta - .655 constriction.*PRIMO
10135067731*6773*Tight-Wad Turkey Choke Tube - 12 ga Mossberg 835/935 - .690 constriction.*PRIMO
10135067748*PS6774*Tight-Wad Turkey Choke Tube - 12 ga Invector - .660 constriction.*PRIMO
10135067755*PS6775*Tight-Wad Turkey Choke Tube - 12 ga Invector-Plus - .670 constriction.*PRIMO
10135067762*PS6776*Tight-Wad Turkey Choke Tube - 20 ga Remington - .570 constriction.*PRIMO
10135067779*PS6777*Tight-Wad Turkey Choke Tube - 20 ga Benelli/Beretta - .570 constriction.*PRIMO
10135067786*PS6778*Tight-Wad Turkey Choke Tube - 20 ga Invector-Plus - .570 constriction.*PRIMO
10135067793*PS6779*Tight-Wad Turkey Choke Tube - 20 ga Invector - .570 constriction.*PRIMO
10135611071*61107*Bloodhunter HD*PRIMO
10135623395*62339*Top Gun LED Headlamp*PRIMO
10135625115*62511*Cap Lights*PRIMO
10135623623*62362*250 Yard Varmint Hunting Light Kit*PRIMO
10135623647*62364*350 Yard Varmint Hunting Light Kit*PRIMO
10135623654*62365*350 Yard Varmint Hunting Light*PRIMO
10135062293*6229*Stretch-Fit Face Mask - 1/2 Mask - Mossy Oak New Break-Up*PRIMO
10135067397*PS6739*Stretch-Fit Face Mask - 1/2 Mask - Realtree APG HD*PRIMO
10135062279*PS6227*Stretch-Fit Face Mask - 3/4 Mask - Mossy Oak New Break-Up*PRIMO
10135067472*PS6747*Stretch-Fit Face Mask - 3/4 Mask - Black*PRIMO
10135062286*6228*Stretch-Fit Face Mask - Full-Hood - Mossy Oak New Break-Up*PRIMO
10135067380*PS6738*Stretch-Fit Face Mask - Full-Hood - Realtree APG*PRIMO
10135067489*6748*Stretch-Fit Face Mask - Full-Hood - Black*PRIMO
10135005276*527*Ninja Cotton Face Mask - 1/2 Mask - Mossy Oak New Break-Up*PRIMO
10135005283*528*Ninja Cotton Face Mask - 3/4 Mask - Mossy Oak New Break-Up*PRIMO
10135005290*529*Ninja Cotton Face Mask - Full-Hood - Mossy Oak New Break-Up*PRIMO
10135062231*6223*Ninja Mesh Face Mask - 3/4 Mask - Mossy Oak New Break-Up*PRIMO
10135062255*6225*Ninja Mesh Face Mask - Full Hood - Mossy Oak New Break-Up*PRIMO
10135063986*6398*Stretch-Fit Call Gloves with Sure-Grip & Extended Cuff - Mossy Oak New Break-Up*PRIMO
10135063962*6396*Stretch-Fit Gloves with Sure-Grip & Extended Cuff - Mossy Oak New Break-Up*PRIMO
10135667603*PS6676CN*Stretch-Fit Gloves with Sure-Grip & Extended Cuff - Realtree APG HD*PRIMO
10135063955*6395*Stretch-Fit Gloves with Extended Cuff - Mossy Oak New Break-Up*PRIMO
10135066758*PS6675*Stretch-Fit Gloves with Extended Cuff - Realtree APG HD*PRIMO
10135067908*PS6790*Stretch-Fit Gloves with Extended Cuff - Black*PRIMO
10135063924*6392*Cotton Gloves with Sure-Grip & Extended Cuff - Mossy Oak New Break-Up*PRIMO
10135578039*57803*Primos Bottle Huggie - Mossy Oak New Break-Up*PRIMO
10135578022*57802*Primos Can Huggie - Mossy Oak New Break-Up*PRIMO
10135576325*57632*Pro Cut Turkey Decal*PRIMO
10135576226*57622*Pro Cut Waterfowl Decal*PRIMO
10135576127*57612*Pro Cut Deer Decal*PRIMO
10135576806*57680*Green Stadium Cup 16 oz.*PRIMO
10135007737*773*Rut Roar Grunter*PRIMO
10135007720*772*Two Faced*PRIMO
10135001537*153*Cash Cow Money Maker Elk Call*PRIMO
10135001544*154*Cash Cow Pocket Change*PRIMO
10135001551*155*Cash Cow All In One Elk Call*PRIMO
10135003746*PS374*Pig Stick Hog Grunter*PRIMO
10135003685*368*Chop Sooie Pig Squealer*PRIMO
10135585464*58546*Bubblin Crude for Deer*PRIMO
10135585419*58541*Bubblin Crude for Hogs*PRIMO
10135658038*65803*Trigger Stick 18"-38" Gen 2 BiPod*PRIMO
10135654900*65490*Pole Cat Steady Stick*PRIMO
10135611095*61109*Blood Hunter HD Lamp*PRIMO
10135611088*61108*Blood Hunter HD Pocket Light*PRIMO
