26285013252*1325P*Rifle Chamber Brush, AR, 7.62mm /.308, Double Diameter, Ca*UNCLE MIKES LAW ENFORCEMENT
26285014617*1461BK*3 Pack Bore, Chamber Brush,Mop, 5.56mm / .223 , Card E/F*UNCLE MIKES LAW ENFORCEMENT
26285132335*1323P3*AR Rifle Chamber Brush, 5.56mm/.223 3 Pack, Card E/F*UNCLE MIKES LAW ENFORCEMENT
26285132533*1325P3*AR Rifle Chamber Brush, 7.626mm/.308 3 Pack, Card E/F*UNCLE MIKES LAW ENFORCEMENT
26285230079*24001V*Viper .30, .32 Cal Pistol, Clam E/F*UNCLE MIKES LAW ENFORCEMENT
26285230086*24017V*Viper .338, .340 Caliber Rifle, Clam E/F*UNCLE MIKES LAW ENFORCEMENT
26285230093*24018V*Viper .35, .350, .358, .375, Caliber Rifle, Clam E/F*UNCLE MIKES LAW ENFORCEMENT
26285230109*24019V*Viper .416, .44, .45-70, .458, .460 Cal Rifle, Clam*UNCLE MIKES LAW ENFORCEMENT
26285230116*24031V*Viper .410 Gauge Shotgun, Clam E/F*UNCLE MIKES LAW ENFORCEMENT
26285240009*24000*Boresnake .22 Caliber Pistol and Revolver, Clam*UNCLE MIKES LAW ENFORCEMENT
26285240016*24001*.30, .32 Caliber Pistol and Revolver, Clam*UNCLE MIKES LAW ENFORCEMENT
26285240023*24002*.357, 9mm, .380, .38 Caliber Pistol and Revolver, Clam*UNCLE MIKES LAW ENFORCEMENT
26285240030*24003*.40, .41 Caliber Pistol and Revolver, Clam*UNCLE MIKES LAW ENFORCEMENT
26285240047*24004*.44, .45 Caliber Pistol and Revolver, Clam*UNCLE MIKES LAW ENFORCEMENT
26285240092*24009*.177 Airgun No Brush, Clam*UNCLE MIKES LAW ENFORCEMENT
26285240108*24010*.17 Caliber Centerfire, .17HMR Rifle, Clam*UNCLE MIKES LAW ENFORCEMENT
26285240115*24011*M-16, .22 - .225 Caliber Rifle Clam*UNCLE MIKES LAW ENFORCEMENT
26285240122*24012*6mm, .240, .243, .244 Caliber Weatherby Rifle, Clam*UNCLE MIKES LAW ENFORCEMENT
26285240139*24013*.257 - .264 Caliber Rifle , Clam*UNCLE MIKES LAW ENFORCEMENT
26285240146*24014*7mm, .270, .284, .280 Caliber Rifle, Clam*UNCLE MIKES LAW ENFORCEMENT
26285240153*24015*.308 - .30 Caliber Rifle, Clam*UNCLE MIKES LAW ENFORCEMENT
26285240160*24016*.32, 8mm Caliber Rifle, Clam*UNCLE MIKES LAW ENFORCEMENT
26285240177*24017*.338, .340 Caliber Rifle, Clam*UNCLE MIKES LAW ENFORCEMENT
26285240184*24018*.35 - .375 Caliber Rifle, Clam*UNCLE MIKES LAW ENFORCEMENT
26285240191*24019*.416 - .460 Caliber Rifle , Clam*UNCLE MIKES LAW ENFORCEMENT
26285240207*24020*.50, .54 Caliber Rifle, Clam*UNCLE MIKES LAW ENFORCEMENT
26285240238*24020V*.50, .54 Caliber Rifle Viper, Clam E/F*UNCLE MIKES LAW ENFORCEMENT
26285240245*24000V*.22 Caliber Pistol Viper, Clam E/F*UNCLE MIKES LAW ENFORCEMENT
26285240252*24025*.204 Caliber Rifle, Clam*UNCLE MIKES LAW ENFORCEMENT
26285240313*24031*.410 Gauge Shotgun, Clam*UNCLE MIKES LAW ENFORCEMENT
26285240320*24032*28 Gauge Shotgun, Clam*UNCLE MIKES LAW ENFORCEMENT
26285240337*24033*20 Gauge Shotgun, Clam*UNCLE MIKES LAW ENFORCEMENT
26285240344*24034*16 Gauge Shotgun, Clam*UNCLE MIKES LAW ENFORCEMENT
26285240351*24035*12 Gauge Shotgun, Clam*UNCLE MIKES LAW ENFORCEMENT
26285240368*24036*10 Gauge Shotgun, Clam*UNCLE MIKES LAW ENFORCEMENT
26285240405*24040*37mm, 40mm Gas Gun, Clam*UNCLE MIKES LAW ENFORCEMENT
26285240955*24012V*Viper 6mm, .240, .243,.244 Cal. Rifle Viper, Clam E/F*UNCLE MIKES LAW ENFORCEMENT
26285241013*24011V*M-16, .22-.223 Caliber, 5.56mm Rifle Viper, Clam E/F*UNCLE MIKES LAW ENFORCEMENT
26285241020*24002V*9MM, .357, .380, .38 Caliber Pistol Viper, Clam E/F*UNCLE MIKES LAW ENFORCEMENT
26285241044*24004V*.44-.45 Caliber Pistol Viper , Clam E/F*UNCLE MIKES LAW ENFORCEMENT
26285241051*24014V*7MM, .270-.284 Caliber Rifle Viper, Clam E/F*UNCLE MIKES LAW ENFORCEMENT
26285241068*24015V*.30-.308 Caliber Rifle Viper , Clam E/F*UNCLE MIKES LAW ENFORCEMENT
26285241075*24035V*12 Gauge Shotgun Viper, Clam E/F*UNCLE MIKES LAW ENFORCEMENT
26285273809*ER2738CH*Elite Handle + Rod .270 Cal.-.30 Cal. 38"Rifle Coated, Card*UNCLE MIKES LAW ENFORCEMENT
26285510126*1303*Brush .22 Caliber, Card*UNCLE MIKES LAW ENFORCEMENT
26285510133*1305*Brush .30 Caliber, Card*UNCLE MIKES LAW ENFORCEMENT
26285510140*1306*Brush .22 Caliber Pistol , Card*UNCLE MIKES LAW ENFORCEMENT
26285510157*1307*Brush .38 Caliber Pistol , Card*UNCLE MIKES LAW ENFORCEMENT
26285510164*1308*Brush .45 Caliber Pistol, Card*UNCLE MIKES LAW ENFORCEMENT
26285510171*1310*Brush .243 - .25 Caliber, Card*UNCLE MIKES LAW ENFORCEMENT
26285510195*1312*Brush 20 Gauge Shotgun, Card*UNCLE MIKES LAW ENFORCEMENT
26285510218*1314*Brush 12 Gauge, Card*UNCLE MIKES LAW ENFORCEMENT
26285510225*1317*Swab .410 Gauge, Card*UNCLE MIKES LAW ENFORCEMENT
26285510232*1318*Swab 20 Gauge, Card*UNCLE MIKES LAW ENFORCEMENT
26285510256*1320*Swab 12 Gauge, Card*UNCLE MIKES LAW ENFORCEMENT
26285510324*1202*Patch .22 - .270 Caliber No 2 60 Pack, Poly Bag*UNCLE MIKES LAW ENFORCEMENT
26285510331*1203*Patch .270 - .35 Caliber No 3 50 Pack, Poly Bag*UNCLE MIKES LAW ENFORCEMENT
26285510348*1204*Patch .38-.45 Cal, .410-20 Ga No 4 40 Pack, Poly Bag*UNCLE MIKES LAW ENFORCEMENT
26285510355*1205*Patch 16 - 12 Gauge No 5 25 Pack, Poly Bag*UNCLE MIKES LAW ENFORCEMENT
26285510782*1201*Patch No 1 Small Bore 60 Pack , Poly Bag*UNCLE MIKES LAW ENFORCEMENT
26285510799*1304*Brush .270 Caliber, 7mm, Card*UNCLE MIKES LAW ENFORCEMENT
26285510812*1309*Brush .35 Caliber, 9mm, Card*UNCLE MIKES LAW ENFORCEMENT
26285510829*1315*Brush .44, .45 Caliber, Card*UNCLE MIKES LAW ENFORCEMENT
26285510836*1323*Swab .35 - .38 Caliber, Card*UNCLE MIKES LAW ENFORCEMENT
26285510843*1324*Swab .40 - .45 Caliber, Card*UNCLE MIKES LAW ENFORCEMENT
26285510928*1252*Brush .35 Caliber Tornado , Card*UNCLE MIKES LAW ENFORCEMENT
26285510935*1256*Brush .38 Caliber Tornado , Card*UNCLE MIKES LAW ENFORCEMENT
26285510942*1257*Brush .45 Caliber Tornado , Card*UNCLE MIKES LAW ENFORCEMENT
26285510959*1260*Brush 12 Gauge Tornado, Card*UNCLE MIKES LAW ENFORCEMENT
26285510966*1262*Brush 20 Gauge Tornado, Card*UNCLE MIKES LAW ENFORCEMENT
26285511161*1250*Brush .22 Caliber Tornado , Card*UNCLE MIKES LAW ENFORCEMENT
26285511178*1251*Brush .30 Caliber Tornado , Card*UNCLE MIKES LAW ENFORCEMENT
26285511208*1321*Swab .22 - .270 Caliber, Card*UNCLE MIKES LAW ENFORCEMENT
26285511215*1322*Swab .280 - .32 Caliber, Card*UNCLE MIKES LAW ENFORCEMENT
26285511260*1301*Brush 6mm, Card*UNCLE MIKES LAW ENFORCEMENT
26285511772*1253*Brush .243 - .25 Caliber Tornado, Card*UNCLE MIKES LAW ENFORCEMENT
26285511789*1254*Brush .270 Caliber, 7mm Tornado, Card*UNCLE MIKES LAW ENFORCEMENT
26285512649*1302P*Brush .17, .204 Caliber Phosphor Bronze, Card*UNCLE MIKES LAW ENFORCEMENT
26285513813*1311P*Brush .410 Gauge Phosphor Bronze, Card*UNCLE MIKES LAW ENFORCEMENT
26285513820*1312P*Brush 20 Gauge Phosphor Bronze, Card*UNCLE MIKES LAW ENFORCEMENT
26285513837*1314P*Brush 12 Gauge Phosphor Bronze, Card*UNCLE MIKES LAW ENFORCEMENT
26285513844*1309P*Brush .35 Caliber, 9mm Phosphor Bronze, Card*UNCLE MIKES LAW ENFORCEMENT
26285513851*1305P*Brush .30 Caliber Phosphor Bronze, Card*UNCLE MIKES LAW ENFORCEMENT
26285513868*1304P*Brush .270 Caliber, 7mm Phosphor Bronze, Card*UNCLE MIKES LAW ENFORCEMENT
26285513875*1310P*Brush .243 - .25 Caliber Phosphor Bronze, Card*UNCLE MIKES LAW ENFORCEMENT
26285513882*1303P*Brush .22 Caliber Phosphor Bronze, Card*UNCLE MIKES LAW ENFORCEMENT
26285513899*1308P*Brush .45 Caliber Pistol, Phosphor Bronze, Card*UNCLE MIKES LAW ENFORCEMENT
26285513905*1307P*Brush 38 Caliber Pistol, Phosphor Bronze, Card*UNCLE MIKES LAW ENFORCEMENT
26285513912*1308AP*Brush 10mm Pistol, Phosphor Bronze, Card*UNCLE MIKES LAW ENFORCEMENT
26285513929*1306AP*Brush .32 Caliber Pistol, Phosphor Bronze, Card*UNCLE MIKES LAW ENFORCEMENT
26285513936*1306P*Brush .22 Caliber Pistol, Phosphor Bronze, Card*UNCLE MIKES LAW ENFORCEMENT
26285514117*1301P*Brush 6mm Phosphor Bronze , Card*UNCLE MIKES LAW ENFORCEMENT
26285514124*1315P*Brush .44, .45 Caliber Phosphor Bronze, Card*UNCLE MIKES LAW ENFORCEMENT
26285514131*1316P*Brush .38 Caliber Phosphor Bronze, Card*UNCLE MIKES LAW ENFORCEMENT
26285514148*1307AP*Brush 9mm Pistol, Phosphor Bronze, Card*UNCLE MIKES LAW ENFORCEMENT
26285514155*1311AP*Brush 28 Gauge Phosphor Bronze, Card*UNCLE MIKES LAW ENFORCEMENT
26285514162*1313P*Brush 16 Gauge Phosphor Bronze, Card*UNCLE MIKES LAW ENFORCEMENT
26285514179*1314AP*Brush 10 Gauge Phosphor Bronze, Card*UNCLE MIKES LAW ENFORCEMENT
26285515091*1202S*Patch .22 - .270 Caliber 500 Pack, Poly Bag*UNCLE MIKES LAW ENFORCEMENT
26285515107*1203S*Patch .270 - .35 Caliber 650 Pack, Poly Bag*UNCLE MIKES LAW ENFORCEMENT
26285515114*1204S*Patch .38 - .45 Caliber 500 Pack, Poly Bag*UNCLE MIKES LAW ENFORCEMENT
26285515176*1258*Brush .40 Caliber Tornado , Card*UNCLE MIKES LAW ENFORCEMENT
26285515220*1205S*Patch 16, 12 Gauge 300 Pack Poly Bag*UNCLE MIKES LAW ENFORCEMENT
26285516678*HCC*Cleaning Cradle, Clam*UNCLE MIKES LAW ENFORCEMENT
26285516685*UBG*Bore Guide Universal, Card*UNCLE MIKES LAW ENFORCEMENT
26285517019*1325*Swab .17, .204 Caliber, Card*UNCLE MIKES LAW ENFORCEMENT
26285517026*1302AP*Brush .17, .204 Caliber Phospor Bronze Male, Card*UNCLE MIKES LAW ENFORCEMENT
26285517033*1305AP*Brush .338 Caliber, 8mm Phosphor Bronze, Card*UNCLE MIKES LAW ENFORCEMENT
26285517743*1454BK*BrushKit .22 Caliber Rifle, Phosphor Bronze 3 Pack, Card*UNCLE MIKES LAW ENFORCEMENT
26285517750*1455BK*BrushKit .270 Caliber, 7mm Rifle, Phosphor Bronze 3 Pack, Card*UNCLE MIKES LAW ENFORCEMENT
26285517767*1456BK*BrushKit 30 Caliber Rifle, Phosphor Bronze 3 Pack, Card*UNCLE MIKES LAW ENFORCEMENT
26285517781*1458BK*BrushKit 20 Gauge Shotgun, Phosphor Bronze 3 Pack, Card*UNCLE MIKES LAW ENFORCEMENT
26285517798*1459BK*BrushKit 12 Gauge Shotgun, Phosphor Bronze 3 Pack, Card*UNCLE MIKES LAW ENFORCEMENT
26285517866*EPP17*Jag .17, .20 Caliber Rifle Pierce Point, Elite, Card*UNCLE MIKES LAW ENFORCEMENT
26285517873*EPP22*Jag .22 - .243 Caliber, 6mm Pierce Point, Elite, Card*UNCLE MIKES LAW ENFORCEMENT
26285517897*EPP27*Jag .270 Caliber, 7mm Pierce Point, Elite, Card*UNCLE MIKES LAW ENFORCEMENT
26285517903*EPP30*Jag .30 - 8mm Pierce Point, Elite, Card*UNCLE MIKES LAW ENFORCEMENT
26285518351*ECRH*Elite Cleaning Rod System, Soft Handle, Clam*UNCLE MIKES LAW ENFORCEMENT
26285841701*PKI*Deluxe Pistol Cleaning Kit Orange, Clam E/F*UNCLE MIKES LAW ENFORCEMENT
26285841756*BSZC*Boresnake Zippered Case Black w/ Boresnake Handle, Card E/F*UNCLE MIKES LAW ENFORCEMENT
26285910131*9107151107*Boresnake Counter Mat*UNCLE MIKES LAW ENFORCEMENT
26285914191*9108170908*HOPPE'S ELITE COUNTER MAT*UNCLE MIKES LAW ENFORCEMENT
26285914382*9108301008*9 Event Banner*UNCLE MIKES LAW ENFORCEMENT
26285914399*9108311108*Blade Hook*UNCLE MIKES LAW ENFORCEMENT
26285914405*9108321108*Hoppe's Bore Snake Blade*UNCLE MIKES LAW ENFORCEMENT
26285914412*9108331108*HOPPE'S 9 BLADE*UNCLE MIKES LAW ENFORCEMENT
26285914429*9108341108*Hoppe's Elite Blade*UNCLE MIKES LAW ENFORCEMENT
26285915112*9108980609*Hoppe's 9 Antique Metal Sign III*UNCLE MIKES LAW ENFORCEMENT
26285915556*9109381109*M-Pro 7 Blade*UNCLE MIKES LAW ENFORCEMENT
26285915563*9109391109*M-Pro 7 Counter Mat*UNCLE MIKES LAW ENFORCEMENT
26285915822*9109650210*Hoppe's 9, Hoppe's Elite & M-Pro 7 Event Banner*UNCLE MIKES LAW ENFORCEMENT
29757010001*ET1040*10x40 Matte Mil Dot, FMC, Argon, Box*UNCLE MIKES LAW ENFORCEMENT
29757010025*ET5154*5-15x40 Matte Mil Dot, FMC, Argon, AO, Sunshade, Box*UNCLE MIKES LAW ENFORCEMENT
29757010032*ET6245*6-24x50 Matte Mil Dot, FMC, Argon, SF, Sunshade, Box*UNCLE MIKES LAW ENFORCEMENT
29757010049*ET2164*2.5-16x42 Matte, Mil Dot, FMC, Argon, 30MM, SF, Box*UNCLE MIKES LAW ENFORCEMENT
29757010063*ET6245F*6-24x50 Matte, Illum Mil Dot FFP, FMC, Argon, 30MM, SF, Box*UNCLE MIKES LAW ENFORCEMENT
29757010070*ET4305*4.5-30x50 Matte, Mil Dot, FMC, Argon, 30MM, SF, Box*UNCLE MIKES LAW ENFORCEMENT
29757024602*202460*6x21 G Force DX 1300 ARC Black, Vertical, Rifle & Bow Mode, Box 6L*UNCLE MIKES LAW ENFORCEMENT
29757081001*081000*Picatinny Rails for LMSS Black, (Bottom, Top, Side), Box*UNCLE MIKES LAW ENFORCEMENT
29757081018*081001*Extended Objective Picatinny, Rail ,Black*UNCLE MIKES LAW ENFORCEMENT
29757081025*081002*Picatinny Hi Rise Mount ,Black, Fits LMSS, Box*UNCLE MIKES LAW ENFORCEMENT
29757100122*ET45305GZ*4.5-30X50 EXRS MATTE BLACK,34mm TUBE, SIDEFOCUS, Z-STOP, G2DMR*UNCLE MIKES LAW ENFORCEMENT
29757119087*119515C*Camera Bracket, Black Screw In Adjustable Head, Clam*UNCLE MIKES LAW ENFORCEMENT
29757119094*119516C*Security Case, Grey Metal, Clam*UNCLE MIKES LAW ENFORCEMENT
29757119100*119517C*AC Power Cord Black 10', Clam*UNCLE MIKES LAW ENFORCEMENT
29757119896*119518C*Cable Lock, Black, Adjustable, Clam*UNCLE MIKES LAW ENFORCEMENT
29757120151*120150*10x50mm Black Porro Prism WP,FP, Box*UNCLE MIKES LAW ENFORCEMENT
29757120847*120842*8x42mm Black Porro Prism WP,FP, Box*UNCLE MIKES LAW ENFORCEMENT
29757121226*121225*10-22x50mm Black Porro Prism Water Resistant Zoom, Box*UNCLE MIKES LAW ENFORCEMENT
29757162311*ET1624SJ*1-6.5x24 Matte 30mm, Illum BTR-2, SFP, Box*UNCLE MIKES LAW ENFORCEMENT
29757171030*171043*10x42mm Black Roof Prism Focus Free, Box*UNCLE MIKES LAW ENFORCEMENT
29757185242*ET18524*1-8.5X24 SMRS Matte Black,34 mm tube, Illuminated BTR-2, FFP, Box*UNCLE MIKES LAW ENFORCEMENT
29757190123*190126*10x26 Black Porro FMC, BAK-4, RGHD, WP/FP, Box 6 Language*UNCLE MIKES LAW ENFORCEMENT
29757190819*190836*8x36 Ultra-HD RTAP Mid-Size Roof ED Glass, UWB, RGHD, Box*UNCLE MIKES LAW ENFORCEMENT
29757190857*198042*8x42 Black Roof, Rain Guard HD ED Glass, UWB, Box*UNCLE MIKES LAW ENFORCEMENT
29757191021*191036*10x36 Ultra-HD Black Mid-Size Roof ED Glass, UWB, RGHD, Box*UNCLE MIKES LAW ENFORCEMENT
29757191045*191043*10x42 Camo Roof, Rain Guard HD ED Glass, UWB, Box*UNCLE MIKES LAW ENFORCEMENT
29757191069*191042*10x42 Black Roof, RainGuard HD , ED Glass, UWB, Box*UNCLE MIKES LAW ENFORCEMENT
29757191267*19125C*Deluxe Bino Harness Black , Clam*UNCLE MIKES LAW ENFORCEMENT
29757195135*119513CN*5MP Surveillance Cam, Grey Case, Night Vision, Clam*UNCLE MIKES LAW ENFORCEMENT
29757195142*119514CN*6MP Surveillance Cam, Black Case, Black LED Night Vision, Clam*UNCLE MIKES LAW ENFORCEMENT
29757202352*202355*6x21 Scout DX 1000 ARC Black,Vertical ARC, Bow, Rifle, BullsEye, Brush*UNCLE MIKES LAW ENFORCEMENT
29757204127*204124*4-12x40 Yardage Pro Black Mil Dot BDC Turrets, WP, Box*UNCLE MIKES LAW ENFORCEMENT
29757260192*260228*2x28mm NightVision Black (Gen1) Monocular, Box 6 Language*UNCLE MIKES LAW ENFORCEMENT
29757260338*260332*3x32mm Digital Color,Night Vision Black, Box 6 Language*UNCLE MIKES LAW ENFORCEMENT
29757260444*260542*5x42mm StealthView Black/Green,Monocular Digital, Super IR Light, Box*UNCLE MIKES LAW ENFORCEMENT
29757267108*267100*Equinox I-Beam IR Flashlight,Accessory for Equinox NV,6L Box*UNCLE MIKES LAW ENFORCEMENT
29757312402*ET3124FG*3-12x44 FFP G2 DMR*UNCLE MIKES LAW ENFORCEMENT
29757352101*ET35215M*3.5-21x50 Matte 34mm, Mil Dot , Box*UNCLE MIKES LAW ENFORCEMENT
29757352224*ET35215GZA*3.5-21X50 ERS FLAT DARK EARTH,34mm TUBE, SIDEFOCUS, Z-STOP, G2DMR*UNCLE MIKES LAW ENFORCEMENT
29757352231*ET35215GZ*3.5-21X50 ERS MATTE BLACK,34mm TUBE, SIDEFOCUS, Z-STOP, G2DMR*UNCLE MIKES LAW ENFORCEMENT
29757352255*ET35215G*3.5-21x50 Matte 34mm, G2DMR , .1 Mil , Box*UNCLE MIKES LAW ENFORCEMENT
29757601308*260130*3x30 Equinox Digital Night, Vision Black, Box*UNCLE MIKES LAW ENFORCEMENT
29757601407*260140*4x40 Equinox Digital Night, Vision Black, Box*UNCLE MIKES LAW ENFORCEMENT
29757601506*260150*6x50 Equinox Digital Night, Vision Black, Box*UNCLE MIKES LAW ENFORCEMENT
29757604019*260401*2.5x40mm Gen 1 NV Binocular, Black, IR light, Box 6 Language*UNCLE MIKES LAW ENFORCEMENT
29757620729*620726*7x26mm Black Porro Prism RainGuard, Compact, Box*UNCLE MIKES LAW ENFORCEMENT
29757624505*ET6245FG*6-24x50 FFP G2 DMR*UNCLE MIKES LAW ENFORCEMENT
29757624512*ET6245FJ*6-24x50 FFP Illum BRT-Mil*UNCLE MIKES LAW ENFORCEMENT
29757700155*784405*Large Black Car Window Mount , Box*UNCLE MIKES LAW ENFORCEMENT
29757730114*AR730132*1X MP  Red/Green T-Dot,Matte Black, Box*UNCLE MIKES LAW ENFORCEMENT
29757740045*AR730131C*1x28mm, 6 MOA Dot, Matte Black,with rings, Clam*UNCLE MIKES LAW ENFORCEMENT
29757740052*AR730005*First Strike, 5 MOA Reflex Dot,with Hi-Rise Mount, Box*UNCLE MIKES LAW ENFORCEMENT
29757740076*AR731306*TRS-25, 3 MOA Dot, Hi-Rise,Mount*UNCLE MIKES LAW ENFORCEMENT
29757740083*AR731306C*TRS-25, 3 MOA Dot, Hi-Rise,Mount, Clam*UNCLE MIKES LAW ENFORCEMENT
29757740090*AR731305C*TRS-32, 5 MOA Dot, with mount,Clam*UNCLE MIKES LAW ENFORCEMENT
29757740144*AR731305*TRS-32,  5 MOA Red Dot, with,Mount, Box*UNCLE MIKES LAW ENFORCEMENT
29757780843*780840*8-40x60 Tan ED Glass, RGHD,,Box*UNCLE MIKES LAW ENFORCEMENT
29757781567*781548P*15-45x60mm Black Roof Prism PC3, Rainguard,WP,FP, Box*UNCLE MIKES LAW ENFORCEMENT
29757784032*784030*60" Black Advanced Tripod, Box*UNCLE MIKES LAW ENFORCEMENT
29757784049*784040*63" Black Titanium Tripod, Box*UNCLE MIKES LAW ENFORCEMENT
29757784407*784406C*Ultra Compact Black Tripod/Window Mount, Clam*UNCLE MIKES LAW ENFORCEMENT
29757785466*785460ED*15-45x60mm Ultra HD Black ED Glass, RainGuardHD, Box 6 Language*UNCLE MIKES LAW ENFORCEMENT
29757786357*786350ED*12-36x50 Legend Ultra HD Black, ED Glass, SC, TP, Box*UNCLE MIKES LAW ENFORCEMENT
29757920003*AR91424I*AR Optics1-4x24 R/S,FFP Illum.,BDC Reticle, Target Turrets, Matt Black*UNCLE MIKES LAW ENFORCEMENT
29757920010*AR91424*AR Optics1-4x24 R/S, 30mm,BDC Reticle, Target Turrets, Matte Black*UNCLE MIKES LAW ENFORCEMENT
29757920027*AR92732*AR Optics 2-7x32 Rimfire R/S,BDC Reticle, Target Turrets, Matte Black*UNCLE MIKES LAW ENFORCEMENT
29757920034*AR93940*AR Optics 3-9x40 Riflescope,BDC Reticle, Target Turrets, SF,  Matte*UNCLE MIKES LAW ENFORCEMENT
29757920041*AR931240*AR Optics 3-12x40 Riflescope,BDC Reticle, Target Turrets,  SF, Matte*UNCLE MIKES LAW ENFORCEMENT
29757920058*AR945184*AR Optics 4.5-18x40 R/S,BDC Reticle, Target Turrets, SF, Mat Blk*UNCLE MIKES LAW ENFORCEMENT
29757971043*197104*10x42 Legend E-Series Black, Roof Rainguard HD, UWB, FMC, Box 6L*UNCLE MIKES LAW ENFORCEMENT
29757978424*197842*8x42 Legend E-Series Black, Roof Rainguard HD, UWB, FMC, Bulk*UNCLE MIKES LAW ENFORCEMENT
29757981042*198104*10x 42 Legend L-Series Black, Roof Rainguard HD, UWB. ED Glass, Box 6*UNCLE MIKES LAW ENFORCEMENT
29757988423*198842*8x 42 Legend L-Series Black, Roof Rainguard HD, UWB. ED Glass, Box 6*UNCLE MIKES LAW ENFORCEMENT
29757991041*199104*10x42 Legend M-Series Black, Open Bridge/Roof Rainguard HD, UWB. ED*UNCLE MIKES LAW ENFORCEMENT
29757998422*199842*8x42 Legend M-Series Black, Open Bridge/Roof Rainguard HD, UWB. ED*UNCLE MIKES LAW ENFORCEMENT
43699000029*14022*Swivels Non Tri-Lock Blued 1" , Clam*UNCLE MIKES LAW ENFORCEMENT
43699100125*MO10012*Swivels QD 115 Blued 1" Machine Screw Type, Clam*UNCLE MIKES LAW ENFORCEMENT
43699100132*MO10013*Swivels QD 115 Blued 1 1/4" Machine Screw Type, Clam*UNCLE MIKES LAW ENFORCEMENT
43699101122*MO10112*Swivels QD 100 Push Button, Blued 1", Clam*UNCLE MIKES LAW ENFORCEMENT
43699105120*10512*Swivels QD 115 M357 Blued 1" , Clam*UNCLE MIKES LAW ENFORCEMENT
43699107124*10712*Swivels QD 115 U22 Blued 1" , Clam*UNCLE MIKES LAW ENFORCEMENT
43699109326*10932*Swivels QD SS BL Nickel 1" , Clam*UNCLE MIKES LAW ENFORCEMENT
43699109333*10933*Swivels QD SS BL Nickel 1 1/4", Clam*UNCLE MIKES LAW ENFORCEMENT
43699117123*11712*Swivels 7400 Four Blued 1" , Clam*UNCLE MIKES LAW ENFORCEMENT
43699118120*11812*Swivels 742 ES Blued 1", Clam*UNCLE MIKES LAW ENFORCEMENT
43699122127*12212*Swivels 760 ES Blued 1", Clam*UNCLE MIKES LAW ENFORCEMENT
43699123124*12312*Swivels QD 115 MCS Blued 1" , Clam*UNCLE MIKES LAW ENFORCEMENT
43699131129*13112*Swivels QD 115 RGS Blued 1", Wood Screw Type, Clam E/F*UNCLE MIKES LAW ENFORCEMENT
43699133123*13312*Swivels QD 115 CF Full Band Blued 1", Clam E/F*UNCLE MIKES LAW ENFORCEMENT
43699134120*13412*Swivels QD 115 RF Blued 1", .22 Full Band, Clam*UNCLE MIKES LAW ENFORCEMENT
43699139125*13912*Swivels QD 115 CFL Blued 1" , Clam E/F*UNCLE MIKES LAW ENFORCEMENT
43699140237*14023*Swivels QD SS MIM 1 1/4" , Clam*UNCLE MIKES LAW ENFORCEMENT
43699140329*14032*Swivels QD SS BL Blued 1" , Clam E/F*UNCLE MIKES LAW ENFORCEMENT
43699140336*14033*Swivels QD SS BL Blued 1 1/4" , Clam E/F*UNCLE MIKES LAW ENFORCEMENT
43699140503*14050*Swivel Attachment Fixed Black Picatinny, Clam*UNCLE MIKES LAW ENFORCEMENT
43699144129*14412*Swivels 760 BB Blued 1", Clam*UNCLE MIKES LAW ENFORCEMENT
43699146123*14612*Swivels QD RUG Blued 1", Clam*UNCLE MIKES LAW ENFORCEMENT
43699146222*14622*Swivels QD RUG Nickel 1", Clam*UNCLE MIKES LAW ENFORCEMENT
43699148127*14812*Swivels QD 115 BLR Blued 1" , Clam*UNCLE MIKES LAW ENFORCEMENT
43699153121*15312*Swivels QD 115 LRB Blued 1" , Clam*UNCLE MIKES LAW ENFORCEMENT
43699156122*15612*Swivels QD 115 UMC Blued 1" , Clam E/F*UNCLE MIKES LAW ENFORCEMENT
43699159123*15912*Swivels QD 115 SG-1 Blued 1" , Clam*UNCLE MIKES LAW ENFORCEMENT
43699159321*15932*Swivels QD 115 SG-2 Blued 1" , Clam*UNCLE MIKES LAW ENFORCEMENT
43699159727*15972*Swivels QD 115 SG-4 Blued 1" , Clam*UNCLE MIKES LAW ENFORCEMENT
43699163106*16310*GUN-TITE Glue Resealable Tube , Blister*UNCLE MIKES LAW ENFORCEMENT
43699180028*18002*Swivels QD REM 870 EXP Blued 1" Internal Ratchet Cap Set, Clam*UNCLE MIKES LAW ENFORCEMENT
43699180127*18012*Swivels QD REM 870 Blued 1" External Ratchet Cap Set, Clam*UNCLE MIKES LAW ENFORCEMENT
43699180325*18032*Swivels QD REM 11-87 Blued 1" Cap Set, Clam*UNCLE MIKES LAW ENFORCEMENT
43699181025*18102*Swivels QD MOSS 500 Blued 1" Bolt Set, Clam*UNCLE MIKES LAW ENFORCEMENT
43699181124*18112*Swivels QD MOSS 590/835 Blued 1" Cap Set, Clam*UNCLE MIKES LAW ENFORCEMENT
43699182022*18202*Swivels QD WIN 1200/1300 Blued 1", Clam*UNCLE MIKES LAW ENFORCEMENT
43699211012*21101*Swivel Attachment Push Button Black Picatinny, Clam*UNCLE MIKES LAW ENFORCEMENT
43699245000*24500*Hammer Extension Blued Winchester 94, Clam*UNCLE MIKES LAW ENFORCEMENT
43699245109*24510*Hammer Extension Blued Winchester 94/22, Clam*UNCLE MIKES LAW ENFORCEMENT
43699245208*24520*Hammer Extension Blued Marlin 336, Clam*UNCLE MIKES LAW ENFORCEMENT
43699245604*24560*Hammer Extension Blued Blackhawk, Topper, Handi-Rifle, Clam*UNCLE MIKES LAW ENFORCEMENT
43699245802*24580*Hammer Extension Blued 83 & Later Marlin, Clam*UNCLE MIKES LAW ENFORCEMENT
43699250004*25000*115 B Blued Base Screws, Clam*UNCLE MIKES LAW ENFORCEMENT
43699250905*25090*Chicago Screws Gold Brass 24 Pack, Clam*UNCLE MIKES LAW ENFORCEMENT
43699251001*25100*Spacers White 12 Pack, Clam*UNCLE MIKES LAW ENFORCEMENT
43699252008*25200*115 RGS Blued Base Screws 1/2" Screw, 3/4" Screw, Clam*UNCLE MIKES LAW ENFORCEMENT
43699261123*26112*Military Sling Brown 1" x 44" Leather, Card*UNCLE MIKES LAW ENFORCEMENT
43699267026*26702*Utility Sling Black 1" x 48" , Card*UNCLE MIKES LAW ENFORCEMENT
43699267125*26712*Utility Sling Black 1" x 72" , Card*UNCLE MIKES LAW ENFORCEMENT
43699267422*26742*Ultra Padded Sling Black 1" x 72", Card*UNCLE MIKES LAW ENFORCEMENT
43699267620*26762*Ultra Padded Sling Black 1" x 48", Card*UNCLE MIKES LAW ENFORCEMENT
43699269235*26923*Mountain Sling Black 1 1/4" w/Swivel, Card*UNCLE MIKES LAW ENFORCEMENT
43699269723*26972*Ultra Padded Rifle Cartridge Black 1" x 48", Card*UNCLE MIKES LAW ENFORCEMENT
43699269938*26993*Tactical Sling Black 1 1/4", 1 Point, Card*UNCLE MIKES LAW ENFORCEMENT
43699352111*35211*Pro-3 Holster Kodra Black Slim Line Size 21, RH, Clam*UNCLE MIKES LAW ENFORCEMENT
43699352128*35212*Pro-3 Holster Kodra Black Slim Line Size 21, LH, Clam*UNCLE MIKES LAW ENFORCEMENT
43699352210*35221*Pro-3 Holster Kodra Black Slim Line Size 22, RH, Clam*UNCLE MIKES LAW ENFORCEMENT
43699353019*35301*Pro-3 Holster Kodra Black Slim Line Size 30, RH, Clam*UNCLE MIKES LAW ENFORCEMENT
43699503612*50361*Single Mag Case Kydex Black Large Double Stack, 10mm - .45 Cal, Clam*UNCLE MIKES LAW ENFORCEMENT
43699503629*50362*Single Mag Case Kydex Black Double Stack, 9mm - .45 Caliber, Clam*UNCLE MIKES LAW ENFORCEMENT
43699513611*51361*Double Mag Case Kydex Black Double Stack, Belt Loop, Card*UNCLE MIKES LAW ENFORCEMENT
43699513710*51371*Double Mag Case Kydex Black Single Stack, Belt Loop, Card*UNCLE MIKES LAW ENFORCEMENT
43699521012*52101*Submachine Gun Case Tactical Black, Hang Tag*UNCLE MIKES LAW ENFORCEMENT
43699521210*52121*Rifle Case 33" Tactical Black Medium, Three magzine Pouches, Hang Tag*UNCLE MIKES LAW ENFORCEMENT
43699521418*52141*Rifle Case 41" Tactical Black Large, Five Magazine Pouches, Hang Tag*UNCLE MIKES LAW ENFORCEMENT
43699524419*52441*Duffel 12" Compact Black, Bag Plain Clear ID Holder, Hang Tag*UNCLE MIKES LAW ENFORCEMENT
43699525621*52562*Car Seat Deluxe Black Organizer, Hang Tag*UNCLE MIKES LAW ENFORCEMENT
43699534111*53411*Side-Armor Deluxe Range Black,Bag 1,213 cu in /19.9 L, Poly Bag*UNCLE MIKES LAW ENFORCEMENT
43699534517*53451*Side-Armor Roll Out Black Bag,6,293 cu in /103 L, Poly Bag*UNCLE MIKES LAW ENFORCEMENT
43699534715*53471*Side-Armor Patrol Black Bag,2,340 cu in / 38.3L, Poly Bag*UNCLE MIKES LAW ENFORCEMENT
43699534814*53481*Side-Armor Field Equipment,Black Bag 4,122 cu in/67.5 L, Poly Bag*UNCLE MIKES LAW ENFORCEMENT
43699534913*53491*Side-Armor Tactical Equipment,Black Bag 4,778 cu in / 78.3L, Poly Bag*UNCLE MIKES LAW ENFORCEMENT
43699534920*53492*Side-Armor Load Out w/Straps, Black Bag 4,866 cu in/79.7 L, Poly Bag*UNCLE MIKES LAW ENFORCEMENT
43699535613*53561*Side-Armor Car Seat Black, Organizer 1,124 cu in /18.4 L, Poly Bag*UNCLE MIKES LAW ENFORCEMENT
43699541515*54151*OT Hip Holster Kydex Black Size 15, RH, w/PBA, Clam*UNCLE MIKES LAW ENFORCEMENT
43699541713*54171*OT Hip Holster Kydex Black Size 17, RH, w/PBA, Clam*UNCLE MIKES LAW ENFORCEMENT
43699541720*54172*OT Hip Holster Kydex Black Size 17, LH, w/PBA, Clam*UNCLE MIKES LAW ENFORCEMENT
43699541911*54191*OT Hip Holster Kydex Black Size 19, RH, w/PBA, Clam*UNCLE MIKES LAW ENFORCEMENT
43699541928*54192*OT Hip Holster Kydex Black Size 19, LH, w/PBA, Clam*UNCLE MIKES LAW ENFORCEMENT
43699542024*54202*OT Hip Holster Kydex Black Size 20, LH, w/PBA, Clam*UNCLE MIKES LAW ENFORCEMENT
43699542116*54211*OT Hip Holster Kydex Black Size 21, RH, w/PBA, Clam*UNCLE MIKES LAW ENFORCEMENT
43699542123*54212*OT Hip Holster Kydex Black Size 21, LH, w/PBA, Clam*UNCLE MIKES LAW ENFORCEMENT
43699542215*54221*OT Hip Holster Kydex Black Size 22, RH, w/PBA, Clam*UNCLE MIKES LAW ENFORCEMENT
43699542222*54222*OT Hip Holster Kydex Black Size 22, LH, w/PBA, Clam*UNCLE MIKES LAW ENFORCEMENT
43699542512*54251*OT Hip Holster Kydex Black Size 25, RH, w/PBA, Clam*UNCLE MIKES LAW ENFORCEMENT
43699542529*54252*OT Hip Holster Kydex Black Size 25, LH, w/PBA, Clam*UNCLE MIKES LAW ENFORCEMENT
43699640041*64004*Rifle Assault Bag Black , Hang Tag*UNCLE MIKES LAW ENFORCEMENT
43699640058*64005*Rifle Assault Bag Black,43", Large, Hang Tag*UNCLE MIKES LAW ENFORCEMENT
43699641109*64110*Tactical Pistol Case Black*UNCLE MIKES LAW ENFORCEMENT
43699641147*64114*Long Range Tactical Bag Black*UNCLE MIKES LAW ENFORCEMENT
43699641277*64127*3 Gun Competition Bag Black*UNCLE MIKES LAW ENFORCEMENT
43699692217*69221*Pro-3 Tac Plat Holster Kodra Black Size 22, RH, Poly Bag*UNCLE MIKES LAW ENFORCEMENT
43699701506*70150*SideKick Holster Kodra Black Size 15, Ambi, w/Mag Pouch, Clam*UNCLE MIKES LAW ENFORCEMENT
43699707614*70761*Ultra Duty Belt Mirage Plain Black Small 26-30", w/Velcro, Card*UNCLE MIKES LAW ENFORCEMENT
43699707713*70771*Ultra Duty Belt Mirage Plain Black Medium 32-36", w/Velcro, Card*UNCLE MIKES LAW ENFORCEMENT
43699707812*70781*Ultra Duty Belt Mirage Plain Black Large 38-42", w/Velcro, Card*UNCLE MIKES LAW ENFORCEMENT
43699707911*70791*Ultra Duty Belt Mirage Plain Black XL 44-48", w/Velcro, Card*UNCLE MIKES LAW ENFORCEMENT
43699709212*70921*Ultra Duty Belt Mirage BW Black Small 26-30", w/Velcro, Card*UNCLE MIKES LAW ENFORCEMENT
43699709311*70931*Ultra Duty Belt Mirage BW Black Medium 32-36", w/Velcro, Card*UNCLE MIKES LAW ENFORCEMENT
43699709410*70941*Ultra Duty Belt Mirage BW Black Large 38-42", w/Velcro, Card*UNCLE MIKES LAW ENFORCEMENT
43699709519*70951*Ultra Duty Belt Mirage BW Black XL 44-48", w/Velcro, Card*UNCLE MIKES LAW ENFORCEMENT
43699709618*70961*Ultra Duty Belt Mirage BW Black XXL 50-54", w/Velcro, Card*UNCLE MIKES LAW ENFORCEMENT
43699740710*74071*Reflex Open Top Black, Size 07 RH, Clam*UNCLE MIKES LAW ENFORCEMENT
43699740918*74091*Reflex Open Top Black, Size 09 RH, Clam*UNCLE MIKES LAW ENFORCEMENT
43699741014*74101*Reflex Open Top Black, Size 10, RH, Clam*UNCLE MIKES LAW ENFORCEMENT
43699741113*74111*Reflex Open Top Black Size 11, RH, Clam*UNCLE MIKES LAW ENFORCEMENT
43699741410*74141*Reflex Open Top Black, Size 14 RH, Clam*UNCLE MIKES LAW ENFORCEMENT
43699741922*74192*Light Case, Mirage BW,Black, Stinger, Dual Switch, LED, Card*UNCLE MIKES LAW ENFORCEMENT
43699741946*74194*Light Case, Mirage BW,Black, Strion, LED, Card*UNCLE MIKES LAW ENFORCEMENT
43699742011*74201*Reflex Open Top Black, Size 20 RH, Clam*UNCLE MIKES LAW ENFORCEMENT
43699742127*74212*Reflex Open Top Black, Size 21, LH, Clam*UNCLE MIKES LAW ENFORCEMENT
43699742714*74271*Reflex Open Top Black Size 27, RH, Clam*UNCLE MIKES LAW ENFORCEMENT
43699743612*74361*Double Pistol Mag Case Mirage Plain Black Double Stack, Card*UNCLE MIKES LAW ENFORCEMENT
43699743629*74362*Double Pistol Mag Case Mirage BW Black Double Stack, Card*UNCLE MIKES LAW ENFORCEMENT
43699743674*74367*Divided Double Mag Case,Mirage BW Black Double Stack, Card*UNCLE MIKES LAW ENFORCEMENT
43699745722*74572*Duty Cuff Case Mirage BW Black Double Snap Close, Card*UNCLE MIKES LAW ENFORCEMENT
43699745814*74581*Silent Key Mirage Plain Black Ring Holder, Card*UNCLE MIKES LAW ENFORCEMENT
43699745821*74582*Silent Key Mirage BW Black Ring Holder, Card*UNCLE MIKES LAW ENFORCEMENT
43699746019*74601*Open Key Mirage Plain Black Ring Holder, Card*UNCLE MIKES LAW ENFORCEMENT
43699747757*74775*MKIII OC Case Mirage BW Black Snap Close, Card*UNCLE MIKES LAW ENFORCEMENT
43699747818*74781*Duty Cuff Case Mirage Plain Black Single Snap Close, Card*UNCLE MIKES LAW ENFORCEMENT
43699747825*74782*Duty Cuff Case Mirage BW Black Single Snap Close, Card*UNCLE MIKES LAW ENFORCEMENT
43699749843*74984*Radio Case Mirage Plain Black Size 4, w/Swivel Belt Loop, Card*UNCLE MIKES LAW ENFORCEMENT
43699749942*74994*Radio Case Mirage BW Black Size 4, w/Swivel Belt Loop, Card*UNCLE MIKES LAW ENFORCEMENT
43699771509*77150*Horizontal Shoulder Holster, Pro-Pak Black Size 15, Ambi, Clam*UNCLE MIKES LAW ENFORCEMENT
43699771721*7702002*Universal Holster OD Green Adjustable Molle Compatable, Card*UNCLE MIKES LAW ENFORCEMENT
43699771738*7702100*Sling Black Single Point 1" Nylon Web, Poly Bag*UNCLE MIKES LAW ENFORCEMENT
43699771752*7702105*Sling Black Three Point 1" Nylon Web, Poly Bag*UNCLE MIKES LAW ENFORCEMENT
43699771844*7702350*Rifle/Shotgun Black Pouch, Molle Compatable, Card*UNCLE MIKES LAW ENFORCEMENT
43699772001*7702440*Gas Mask Black Pouch, Molle Compatable, Card*UNCLE MIKES LAW ENFORCEMENT
43699830114*83011*Vert Shoulder Holster Kodra Black Size 1, RH, Clam*UNCLE MIKES LAW ENFORCEMENT
43699830213*83021*Vert Shoulder Holster Kodra Black Size 2, RH, Clam*UNCLE MIKES LAW ENFORCEMENT
43699830312*83031*Vert Shoulder Holster Kodra Black Size 3, RH, Clam*UNCLE MIKES LAW ENFORCEMENT
43699830510*83051*Vert Shoulder Holster Kodra Black Size 5, RH, Poly Bag*UNCLE MIKES LAW ENFORCEMENT
43699831517*83151*Vert Shoulder Holster Kodra Black Size 15, RH, Clam*UNCLE MIKES LAW ENFORCEMENT
43699860500*86050*Super Belt Slide Holster Kodra Black Size 5, Ambi, Clam*UNCLE MIKES LAW ENFORCEMENT
43699861200*86120*Super Belt Slide Holster Kodra Black Size 12, Ambi, Clam*UNCLE MIKES LAW ENFORCEMENT
43699861507*86150*Super Belt Slide Holster Kodra Black Size 15, Ambi, Clam*UNCLE MIKES LAW ENFORCEMENT
43699877614*87761*Ultra Duty Belt Kodra Black Small 26-30", w/Velcro, Card*UNCLE MIKES LAW ENFORCEMENT
43699877713*87771*Ultra Duty Belt Kodra Black Medium 32-36", w/Velcro, Card*UNCLE MIKES LAW ENFORCEMENT
43699877812*87781*Ultra Duty Belt Kodra Black Large 38-42", w/Velcro, Card*UNCLE MIKES LAW ENFORCEMENT
43699877911*87791*Ultra Duty Belt Kodra Black XL 44-48", w/Velcro, Card*UNCLE MIKES LAW ENFORCEMENT
43699877928*87792*Ultra Duty Belt Kodra Black XXL 50-54", w/Velcro, Card*UNCLE MIKES LAW ENFORCEMENT
43699878116*87811*Ultra Inner Belt Kodra Black Small 26-30", Card*UNCLE MIKES LAW ENFORCEMENT
43699878215*87821*Ultra Inner Belt Kodra Black Medium 32-36", Card*UNCLE MIKES LAW ENFORCEMENT
43699878314*87831*Ultra Inner Belt Kodra Black Large 38-42", Card*UNCLE MIKES LAW ENFORCEMENT
43699878413*87841*Ultra Inner Belt Kodra Black XL 44-48", Card*UNCLE MIKES LAW ENFORCEMENT
43699878420*87842*Ultra Inner Belt Kodra Black XXL 50-54", Card*UNCLE MIKES LAW ENFORCEMENT
43699879212*87921*Loop-Back Inner Belt Kodra Black Medium 32-36", Card*UNCLE MIKES LAW ENFORCEMENT
43699879311*87931*Loop-Back Inner Belt Kodra Black Large 38-42", Card*UNCLE MIKES LAW ENFORCEMENT
43699879410*87941*Loop-Back Inner Belt Kodra Black XL 44-48", Card*UNCLE MIKES LAW ENFORCEMENT
43699880119*88011*Deluxe Duty Belt Kodra Black Medium 32-36", Card*UNCLE MIKES LAW ENFORCEMENT
43699880218*88021*Deluxe Duty Belt Kodra Black Large 38-42", Card*UNCLE MIKES LAW ENFORCEMENT
43699880614*88061*Deluxe Inner Belt Kodra Black,Medium 32-36", Card*UNCLE MIKES LAW ENFORCEMENT
43699880713*88071*Deluxe Inner Belt Kodra Black,Large 38-42", Card*UNCLE MIKES LAW ENFORCEMENT
43699881727*88172*Pistol Mag Case Kodra Black Double Stack, Single Close, Card*UNCLE MIKES LAW ENFORCEMENT
43699881819*88181*Light Case Kodra Black SureFire 6P/Scorpion/Strion, Card*UNCLE MIKES LAW ENFORCEMENT
43699881833*88183*Light Case Kodra Black Stinger , Card*UNCLE MIKES LAW ENFORCEMENT
43699881840*88184*Light Case Kodra Black Stinger XT, Card*UNCLE MIKES LAW ENFORCEMENT
43699881857*88185*Light Case, Kodra, Black Stinger, Dual Switch, LED, Card*UNCLE MIKES LAW ENFORCEMENT
43699881864*88186*Flashlight Case Kodra Black,Strion LED, Card*UNCLE MIKES LAW ENFORCEMENT
43699882212*88221*Deluxe Duty Belt Kodra Black XL 44-48", Card*UNCLE MIKES LAW ENFORCEMENT
43699882311*88231*Deluxe Duty Belt Kodra Black Small 26-30", Card*UNCLE MIKES LAW ENFORCEMENT
43699882519*88251*Open Cuff Case Kodra Black Single Belt Clip, Card*UNCLE MIKES LAW ENFORCEMENT
43699882915*88291*Universal Pistol Mag Case Kodra Black Double Hook & Loop, Card*UNCLE MIKES LAW ENFORCEMENT
43699883110*88311*Speedloader Case Kodra Black Double Snap Close, Card*UNCLE MIKES LAW ENFORCEMENT
43699883219*88321*Universal Pistol Mag Case Kodra Black Single, Card*UNCLE MIKES LAW ENFORCEMENT
43699883318*88331*Folding Rifle Cartridge Kodra Black Ammo Pouch-Magnum, Card*UNCLE MIKES LAW ENFORCEMENT
43699883516*88351*Cuff Case Kodra Black Compact , Card*UNCLE MIKES LAW ENFORCEMENT
43699883615*88361*Pistol Mag Case Kodra Black Double Stack, Double Close, Card*UNCLE MIKES LAW ENFORCEMENT
43699883677*88367*Divided Pistol Mag Case Kodra Black Double Stack, Double Close, Card*UNCLE MIKES LAW ENFORCEMENT
43699883714*88371*Pistol Mag Case Kodra Black Single Stack, Double Close, Card*UNCLE MIKES LAW ENFORCEMENT
43699883813*88381*Belt Pouch Kodra Black All Purpose, Card*UNCLE MIKES LAW ENFORCEMENT
43699884018*88401*Cartridge Slide Kodra Black Handgun, Card*UNCLE MIKES LAW ENFORCEMENT
43699884117*88411*Cartridge Slide Kodra Black Rifle, Card*UNCLE MIKES LAW ENFORCEMENT
43699884414*88441*Cartridge Carrier Kodra Black Handgun Folding, Card*UNCLE MIKES LAW ENFORCEMENT
43699884513*88451*Folding Rifle Cartridge Kodra Black Ammo Pouch 10 Loop, Card*UNCLE MIKES LAW ENFORCEMENT
43699884711*88471*Cartridge Slide Kodra Black Shotgun, Card*UNCLE MIKES LAW ENFORCEMENT
43699884728*88472*Competition Shell Caddy 1x4 Matte Black 2 3/8" 12 ga shell Clip, Clam*UNCLE MIKES LAW ENFORCEMENT
43699884810*88481*Buttstock Shell Holder Kodra Black Rifle Open Style, Card*UNCLE MIKES LAW ENFORCEMENT
43699884827*88482*Buttstock Shell Holder Kodra Black Rifle w/Flap, Card*UNCLE MIKES LAW ENFORCEMENT
43699884834*88483*Buttstock Shell Holder Neoprene Black Rifle 6 Loops, Card*UNCLE MIKES LAW ENFORCEMENT
43699884919*88491*Buttstock Shell Holder Kodra Black Shotgun Open Style, Card*UNCLE MIKES LAW ENFORCEMENT
43699884926*88492*Buttstock Shell Holder Kodra Black Shotgun w/Flap, Card*UNCLE MIKES LAW ENFORCEMENT
43699884933*88493*Buttstock Shell Holder Neoprene Black Shotgun 5 Loops, Card*UNCLE MIKES LAW ENFORCEMENT
43699885213*88521*Pager Case Kodra Black Small , Card*UNCLE MIKES LAW ENFORCEMENT
43699885312*88531*Pager Case Kodra Black Medium , Card*UNCLE MIKES LAW ENFORCEMENT
43699885718*88571*Duty Cuff Case Kodra Black Double, Card*UNCLE MIKES LAW ENFORCEMENT
43699885817*88581*Silent Key Kodra Black,Ring Holder, Card*UNCLE MIKES LAW ENFORCEMENT
43699886012*88601*Open Key Kodra Black Ring Holder, Card*UNCLE MIKES LAW ENFORCEMENT
43699886210*88621*Flashlight Ring Kodra Black D-Cell, Card*UNCLE MIKES LAW ENFORCEMENT
43699886319*88631*Flashlight Ring Kodra Black,C-Cell, Card*UNCLE MIKES LAW ENFORCEMENT
43699886517*88651*Belt Keepers Kodra Black 2" Belts, Set of 4, Snap Close, Card*UNCLE MIKES LAW ENFORCEMENT
43699886524*88652*Belt Keepers Kodra Black 2¼" Belts, Set of 4, Snap Close, Card*UNCLE MIKES LAW ENFORCEMENT
43699886531*88653*Belt Keepers Molded Plain Black 2" Belts, Set of 4, Snap, Card*UNCLE MIKES LAW ENFORCEMENT
43699886548*88654*Belt Keepers Molded Plain Black 2¼" Belts, Set of 4, Snap, Card*UNCLE MIKES LAW ENFORCEMENT
43699886586*88658*Belt Keepers Molded BW Black 2¼" Belts, Set of 4, Snap Close, Card*UNCLE MIKES LAW ENFORCEMENT
43699886715*88671*Mini Light Case Kodra Black Snap Close, w/Flap, Card*UNCLE MIKES LAW ENFORCEMENT
43699886913*88691*MKIV OC Case Kodra Black Snap Close, Card*UNCLE MIKES LAW ENFORCEMENT
43699887118*88711*Standard Key Kodra Black Ring Holder, Card*UNCLE MIKES LAW ENFORCEMENT
43699887712*88771*MKIII OC Case Kodra Black Snap Close, Card*UNCLE MIKES LAW ENFORCEMENT
43699887811*88781*Duty Cuff Case Kodra Black Single Snap Close, Card*UNCLE MIKES LAW ENFORCEMENT
43699887828*88782*Duty Cuff Case Kodra Black ASP Hinged, Card*UNCLE MIKES LAW ENFORCEMENT
43699888047*88804*Universal Radio Case Kodra,Black w/Fixed Belt Loop, Card*UNCLE MIKES LAW ENFORCEMENT
43699888061*88806*Universal Radio Case Kodra Black w/Swivel Belt Loop, Card*UNCLE MIKES LAW ENFORCEMENT
43699888085*88808*Remote Microphone Kodra Black Carrier Snaps aRound epaulet, Card*UNCLE MIKES LAW ENFORCEMENT
43699888092*88809*Radio Case Molded Black,Belt Loop Swivel Only, Loose*UNCLE MIKES LAW ENFORCEMENT
43699888412*88841*ASP Baton Kodra Molded Black Case 21"/26", Card*UNCLE MIKES LAW ENFORCEMENT
43699888719*88871*Latex Glove Kodra Black Pouch Single Snap Close, Card*UNCLE MIKES LAW ENFORCEMENT
43699889617*88961*Latex Glove Kodra Black Pouch Double Snap Close, Card*UNCLE MIKES LAW ENFORCEMENT
43699889747*88974*Radio Case Kodra Black,Fixed Belt Loop Size 4, Laminated, Card*UNCLE MIKES LAW ENFORCEMENT
43699889846*88984*Radio Case Kodra Black,Swivel Belt Loop Size 4, Laminated, Card*UNCLE MIKES LAW ENFORCEMENT
43699890521*89052*OT ITP Holster Black Size 5, LH, Poly Bag*UNCLE MIKES LAW ENFORCEMENT
43699890606*89060*Sentinel Radio Holder Black Web Universal Fit, Poly Bag*UNCLE MIKES LAW ENFORCEMENT
43699890613*89061*Sentinel Pager/Glove Pouch Black Molded Nylon, Card*UNCLE MIKES LAW ENFORCEMENT
43699890620*89062*Sentinel Silent Key Holder Black Web, Card*UNCLE MIKES LAW ENFORCEMENT
43699890637*89063*Sentinel Flashlight Holder Black Web, Card*UNCLE MIKES LAW ENFORCEMENT
43699890644*89064*Sentinel Dbl Speedloader Case Black Molded Nylon Fitted, Card*UNCLE MIKES LAW ENFORCEMENT
43699890651*89065*Sentinel Baton Holder Black Molded Nylon 21" Exp, Card*UNCLE MIKES LAW ENFORCEMENT
43699890675*89067*Sentinel Standard Key Holder Black Web, Card*UNCLE MIKES LAW ENFORCEMENT
43699890682*89068*Sentinel Single Handcuff Case Black Molded Nylon, Card*UNCLE MIKES LAW ENFORCEMENT
43699890699*89069*Sentinel Double Handcuff Case Black Molded Nylon, Card*UNCLE MIKES LAW ENFORCEMENT
43699890705*89070*Sentinel OC/Mace Pouch Black Molded Nylon Small, Card*UNCLE MIKES LAW ENFORCEMENT
43699890712*89071*Sentinel OC/Mace Pouch Black Molded Nylon Large, Card*UNCLE MIKES LAW ENFORCEMENT
43699890729*89072*Sentinel Latex Glove Holder Black Molded Nylon Double, Card*UNCLE MIKES LAW ENFORCEMENT
43699890743*89074*Sentinel Stinger Light Holder Black Molded Nylon, Card*UNCLE MIKES LAW ENFORCEMENT
43699890750*89075*Sentinel Double Magazine Case Black Molded Nylon SS, Card*UNCLE MIKES LAW ENFORCEMENT
43699890767*89076*Sentinel Double Magazine Case Black Molded Nylon Glock 21, Card*UNCLE MIKES LAW ENFORCEMENT
43699890774*89077*Sentinel Double Magazine Pouch Black Molded Nylon Glock 17, Card*UNCLE MIKES LAW ENFORCEMENT
43699890781*89078*Sentinel Baton Holder Black Web, Card*UNCLE MIKES LAW ENFORCEMENT
43699890804*89080*Sentinel 3/4" Belt Keeper Black Web Set of 4, Poly Bag*UNCLE MIKES LAW ENFORCEMENT
43699890811*89081*Sentinel Duty Black Web Small , Poly Bag*UNCLE MIKES LAW ENFORCEMENT
43699890828*89082*Sentinel Duty Black Web Medium , Poly Bag*UNCLE MIKES LAW ENFORCEMENT
43699890835*89083*Sentinel Duty Black Web Large , Poly Bag*UNCLE MIKES LAW ENFORCEMENT
43699890842*89084*Sentinel Duty Black Web XL , Poly Bag*UNCLE MIKES LAW ENFORCEMENT
43699890859*89085*Sentinel Duty Black Web XXL , Poly Bag*UNCLE MIKES LAW ENFORCEMENT
43699890866*89086*Sentinel Duty Black Web 3XL , Poly Bag*UNCLE MIKES LAW ENFORCEMENT
43699890873*89087*Sentinel Duty Gear Kit Black Medium, Box*UNCLE MIKES LAW ENFORCEMENT
43699890880*89088*Sentinel Duty Gear Kit Black Large, Box*UNCLE MIKES LAW ENFORCEMENT
43699890897*89089*Sentinel Duty Gear Kit Black XL, Box*UNCLE MIKES LAW ENFORCEMENT
43699891016*89101*OT ITP Holster Black Size 10, RH, Poly Bag*UNCLE MIKES LAW ENFORCEMENT
43699891511*89151*OT ITP Holster Black Size 15, RH, Poly Bag*UNCLE MIKES LAW ENFORCEMENT
43699900053*74211*Reflex Open Top Black Size 21, RH, Clam*UNCLE MIKES LAW ENFORCEMENT
43699900060*74221*Reflex Open Top Black, Size 22, RH, Clam*UNCLE MIKES LAW ENFORCEMENT
43699900299*64008*Rifle Assault Case Dark Earth, 36", Hang Tag*UNCLE MIKES LAW ENFORCEMENT
43699900305*64009*Rifle Assault Case Dark Earth,43", Hang Tag*UNCLE MIKES LAW ENFORCEMENT
43699910014*9107030907*Selection Guide Swivel POP , Loose*UNCLE MIKES LAW ENFORCEMENT
43699910021*9107040907*Selection Guide Holster POP , Loose*UNCLE MIKES LAW ENFORCEMENT
43699910038*9107050907*UMLE Antique Metal Sign POP , Box*UNCLE MIKES LAW ENFORCEMENT
43699912032*91203*Duty Suspenders Black Small/Medium, Poly Bag*UNCLE MIKES LAW ENFORCEMENT
43699912049*91204*Duty Suspenders Black Large/XL , Poly Bag*UNCLE MIKES LAW ENFORCEMENT
43699912582*9106181106*Authorized Dealer Decal*UNCLE MIKES LAW ENFORCEMENT
43699912612*9106211106*LE Authorized Dealer Decal*UNCLE MIKES LAW ENFORCEMENT
43699914371*9108291008*Event Banner*UNCLE MIKES LAW ENFORCEMENT
43699915583*9109411109*Uncle Mike's Swivel Blade*UNCLE MIKES LAW ENFORCEMENT
43699915590*9109421109*Uncle Mike's Sidekick Holster Blade*UNCLE MIKES LAW ENFORCEMENT
43699915842*9109670210*UMLE Event Banner*UNCLE MIKES LAW ENFORCEMENT
43699985210*98521*Std Ret Duty Holster Kodra Black Jacket Slot Size 2, RH, Clam*UNCLE MIKES LAW ENFORCEMENT
43699985227*98522*Std Ret Duty Holster Kodra Black Jacket Slot Size 2, LH, Clam*UNCLE MIKES LAW ENFORCEMENT
51525110002*40202A*02A Objective,One Piece Tactical Scope Cover, Clam*UNCLE MIKES LAW ENFORCEMENT
51525110019*40303*03 Objective,One Piece Tactical Scope Cover, Clam*UNCLE MIKES LAW ENFORCEMENT
51525110026*41011*10-11 Eyepiece,One Piece Tactical Scope Cover, Clam*UNCLE MIKES LAW ENFORCEMENT
51525110033*41920*19-20 Eyepiece,One Piece Tactical Scope Cover, Clam*UNCLE MIKES LAW ENFORCEMENT
51525110040*43031*30-31 Objective,One Piece Tactical Scope Cover, Clam*UNCLE MIKES LAW ENFORCEMENT
51525110057*43334*33-34 Objective,One Piece Tactical Scope Cover, Clam*UNCLE MIKES LAW ENFORCEMENT
51525110064*44647*46-47 Objective,One Piece Tactical Scope Cover, Clam*UNCLE MIKES LAW ENFORCEMENT
51525140016*40010*30mm Tube Flip Open Black Red Dot Tactical, Clam*UNCLE MIKES LAW ENFORCEMENT
51525200109*MO20010*Flip Open 01 Eyepiece, Clam*UNCLE MIKES LAW ENFORCEMENT
51525200208*MO20020*Flip Open 02 Eyepiece, Clam*UNCLE MIKES LAW ENFORCEMENT
51525200352*MO20035*Flip Open 03 Eyepiece, Clam*UNCLE MIKES LAW ENFORCEMENT
51525200505*MO20050*Flip Open 05 Eyepiece, Clam*UNCLE MIKES LAW ENFORCEMENT
51525200703*MO20070*Flip Open 07 Eyepiece, Clam*UNCLE MIKES LAW ENFORCEMENT
51525200901*MO20090*Flip Open 09 Eyepiece, Clam*UNCLE MIKES LAW ENFORCEMENT
51525200956*MO20095*Flip Open 09A Eyepiece, Clam*UNCLE MIKES LAW ENFORCEMENT
51525201007*MO20100*Flip Open 10 Eyepiece, Clam*UNCLE MIKES LAW ENFORCEMENT
51525201106*MO20110*Flip Open 11 Eyepiece, Clam*UNCLE MIKES LAW ENFORCEMENT
51525201304*MO20130*Flip Open 13 Eyepiece, Clam*UNCLE MIKES LAW ENFORCEMENT
51525201403*MO20140*Flip Open 14 Eyepiece, Clam*UNCLE MIKES LAW ENFORCEMENT
51525201502*MO20150*Flip Open 15 Eyepiece, Clam*UNCLE MIKES LAW ENFORCEMENT
51525201601*20160*Flip Open 16 Eyepiece, Clam*UNCLE MIKES LAW ENFORCEMENT
51525201700*MO20170*Flip Open 17 Eyepiece, Clam*UNCLE MIKES LAW ENFORCEMENT
51525201809*MO20180*Flip Open 18 Eyepiece, Clam*UNCLE MIKES LAW ENFORCEMENT
51525201908*MO20190*Flip Open 19 Eyepiece, Clam*UNCLE MIKES LAW ENFORCEMENT
51525202004*MO20200*Flip Open 20 Eyepiece, Clam*UNCLE MIKES LAW ENFORCEMENT
51525210115*21011*Multiflex 10-11 Eyepiece, Clam*UNCLE MIKES LAW ENFORCEMENT
51525213147*21314*Multiflex 13-14 Eyepiece, Clam*UNCLE MIKES LAW ENFORCEMENT
51525216186*21618*Multiflex 16-17 Eyepiece, Clam*UNCLE MIKES LAW ENFORCEMENT
51525219200*21920*Multiflex 19-20 Eyepiece, Clam*UNCLE MIKES LAW ENFORCEMENT
51525234166*23416*Sling Rhino Rib Black w/Swivel, w/Gel, Card E/F*UNCLE MIKES LAW ENFORCEMENT
51525237006*23700*Air Sling Black,w/GelCoil Technology, Card E/F*UNCLE MIKES LAW ENFORCEMENT
51525237013*23701*Air Sling RTAP,w/GelCoil Technology, Card E/F*UNCLE MIKES LAW ENFORCEMENT
51525300106*MO30010*Flip Open 01 Objective, Clam*UNCLE MIKES LAW ENFORCEMENT
51525300205*MO30020*Flip Open 02 Objective, Clam*UNCLE MIKES LAW ENFORCEMENT
51525300250*MO30025*Flip Open 02A Objective, Clam*UNCLE MIKES LAW ENFORCEMENT
51525300304*30030*Flip Open 03A Objective, Clam*UNCLE MIKES LAW ENFORCEMENT
51525300359*30035*Flip Open 03 Objective, Clam*UNCLE MIKES LAW ENFORCEMENT
51525300403*30040*Flip Open 04 Objective, Clam*UNCLE MIKES LAW ENFORCEMENT
51525300502*30050*Flip Open 05 Objective, Clam*UNCLE MIKES LAW ENFORCEMENT
51525300700*30070*Flip Open 07 Objective, Clam*UNCLE MIKES LAW ENFORCEMENT
51525300908*30090*Flip Open 09 Objective, Clam*UNCLE MIKES LAW ENFORCEMENT
51525301004*30100*Flip Open 10 Objective, Clam*UNCLE MIKES LAW ENFORCEMENT
51525301103*30110*Flip Open 11 Objective, Clam*UNCLE MIKES LAW ENFORCEMENT
51525301202*30120*Flip Open 12 Objective, Clam*UNCLE MIKES LAW ENFORCEMENT
51525301301*30130*Flip Open 13 Objective, Clam*UNCLE MIKES LAW ENFORCEMENT
51525301509*30150*Flip Open 15 Objective, Clam*UNCLE MIKES LAW ENFORCEMENT
51525301707*30170*Flip Open 17 Objective, Clam*UNCLE MIKES LAW ENFORCEMENT
51525301905*30190*Flip Open 19 Objective, Clam*UNCLE MIKES LAW ENFORCEMENT
51525302001*30200*Flip Open 20 Objective, Clam*UNCLE MIKES LAW ENFORCEMENT
51525302100*30210*Flip Open 21 Objective, Clam*UNCLE MIKES LAW ENFORCEMENT
51525302308*30230*Flip Open 23 Objective, Clam*UNCLE MIKES LAW ENFORCEMENT
51525302506*30250*Flip Open 25 Objective, Clam*UNCLE MIKES LAW ENFORCEMENT
51525302605*30260*Flip Open 26 Objective, Clam*UNCLE MIKES LAW ENFORCEMENT
51525302704*30270*Flip Open 27 Objective, Clam*UNCLE MIKES LAW ENFORCEMENT
51525302803*30280*Flip Open 28 Objective, Clam*UNCLE MIKES LAW ENFORCEMENT
51525302902*30290*Flip Open 29 Objective, Clam*UNCLE MIKES LAW ENFORCEMENT
51525303008*30300*Flip Open 30 Objective, Clam*UNCLE MIKES LAW ENFORCEMENT
51525303107*30310*Flip Open 31 Objective, Clam*UNCLE MIKES LAW ENFORCEMENT
51525303305*30330*Flip Open 33 Objective, Clam*UNCLE MIKES LAW ENFORCEMENT
51525303404*30340*Flip Open 34 Objective, Clam*UNCLE MIKES LAW ENFORCEMENT
51525303909*30390*Flip Open 39 Objective, Clam*UNCLE MIKES LAW ENFORCEMENT
51525304005*30400*Flip Open 40 Objective, Clam*UNCLE MIKES LAW ENFORCEMENT
51525304302*30430*Flip Open 43 Objective, Clam*UNCLE MIKES LAW ENFORCEMENT
51525304401*30440*Flip Open 44 Objective, Clam*UNCLE MIKES LAW ENFORCEMENT
51525304500*30450*Flip Open 45 Objective, Clam*UNCLE MIKES LAW ENFORCEMENT
51525304609*30460*Flip Open 46 Objective, Clam*UNCLE MIKES LAW ENFORCEMENT
51525304708*30470*Flip Open 47 Objective, Clam*UNCLE MIKES LAW ENFORCEMENT
51525304807*30480*Flip Open 48 Objective, Clam*UNCLE MIKES LAW ENFORCEMENT
51525305101*30510*Flip Open 51 Objective, Clam*UNCLE MIKES LAW ENFORCEMENT
51525309109*30910*Multiflex 09-10 Objective , Clam*UNCLE MIKES LAW ENFORCEMENT
51525313151*31315*Multiflex 13-15 Objective , Clam*UNCLE MIKES LAW ENFORCEMENT
51525317197*31719*Multiflex 17-19 Objective , Clam*UNCLE MIKES LAW ENFORCEMENT
51525320210*32021*Multiflex 20-21 Objective , Clam*UNCLE MIKES LAW ENFORCEMENT
51525325277*32527*Multiflex 25-26-27 Objective , Clam*UNCLE MIKES LAW ENFORCEMENT
51525328292*32829*Multiflex 28-29 Objective , Clam*UNCLE MIKES LAW ENFORCEMENT
51525330318*33031*Multiflex 30-31 Objective , Clam*UNCLE MIKES LAW ENFORCEMENT
51525333340*33334*Multiflex 33-34 Objective , Clam*UNCLE MIKES LAW ENFORCEMENT
51525339403*33940*Multiflex 39-40 Objective , Clam*UNCLE MIKES LAW ENFORCEMENT
51525343448*34344*Multiflex 43-44 Objective , Clam*UNCLE MIKES LAW ENFORCEMENT
51525346470*34647*Multiflex 46-47 Objective , Clam*UNCLE MIKES LAW ENFORCEMENT
51525400295*40029*Quick Detach Scope Cover Black Small EP/Small OBJ, Clam*UNCLE MIKES LAW ENFORCEMENT
51525400301*40030*Quick Detach Scope Cover Black Large EP/Small OBJ, Clam*UNCLE MIKES LAW ENFORCEMENT
51525400318*40031*Quick Detach Scope Cover Black Large EP/Large OBJ, Clam*UNCLE MIKES LAW ENFORCEMENT
51525413141*41314*13-14 Eyepiece ,One Piece Tactical Scope Cover, Clam*UNCLE MIKES LAW ENFORCEMENT
51525416005*41600*OBJ Sidewinder Black, Tactical Scope Cover, Clam*UNCLE MIKES LAW ENFORCEMENT
51525416012*41601*EP Sidewinder Black, Tactical Scope Cover, Clam*UNCLE MIKES LAW ENFORCEMENT
51525416180*41618*16-18 Eyepiece,One Piece Tactical Scope Cover, Clam*UNCLE MIKES LAW ENFORCEMENT
51525425274*42527*25-27 Objective,One Piece Tactical Scope Cover, Clam*UNCLE MIKES LAW ENFORCEMENT
51525428299*42829*28-29 Objective,One Piece Tactical Scope Cover, Clam*UNCLE MIKES LAW ENFORCEMENT
51525443445*44344*43-44 Objective,One Piece Tactical Scope Cover, Clam*UNCLE MIKES LAW ENFORCEMENT
51525910008*9107020907*BC SCOPE COVER SELECTION GUIDE*UNCLE MIKES LAW ENFORCEMENT
51525914358*9108271008*Event Banner*UNCLE MIKES LAW ENFORCEMENT
51525914440*9108361108*Display Blade Scope Covers , Loose*UNCLE MIKES LAW ENFORCEMENT
51525914457*9108371108*Display Blade Lula Loader , Loose*UNCLE MIKES LAW ENFORCEMENT
51525914464*9108381108*Display Blade Slings, Loose*UNCLE MIKES LAW ENFORCEMENT
94092002561*AL00710*1" Low Matte, Clam*UNCLE MIKES LAW ENFORCEMENT
94092002578*AL00711*1" Medium Matte, Clam*UNCLE MIKES LAW ENFORCEMENT
94092002585*AL00712*1" High Matte, Clam*UNCLE MIKES LAW ENFORCEMENT
94092002820*AL00010*1" Low Smooth, Clam*UNCLE MIKES LAW ENFORCEMENT
94092002837*AL00011*1" Medium Smooth, Clam*UNCLE MIKES LAW ENFORCEMENT
94092002844*AL00012*1" High Smooth, Clam*UNCLE MIKES LAW ENFORCEMENT
94092006620*SE00020*Saddle Matte Remington 870,1100,1187, 12 Gauge, Clam*UNCLE MIKES LAW ENFORCEMENT
94092006927*AL00717*30mm Medium Matte, Clam*UNCLE MIKES LAW ENFORCEMENT
94092006941*AL00718*30mm High Matte, Clam*UNCLE MIKES LAW ENFORCEMENT
94092008174*SE00706*1" Matte Marlin 336,30AS Series, Clam*UNCLE MIKES LAW ENFORCEMENT
94092008983*TP00702*1" Medium Matte Tip-Off, .22 Cal, Clam*UNCLE MIKES LAW ENFORCEMENT
94092008990*TP00705*1" High Matte Tip-Off, .22 Cal Clam*UNCLE MIKES LAW ENFORCEMENT
94092009898*QR1007*QRF Quick Release, Action Camera Mount, Clam*UNCLE MIKES LAW ENFORCEMENT
94092009904*QR1005*QRF Quick Release, Low Height Red Dot Mount, Clam*UNCLE MIKES LAW ENFORCEMENT
94092009911*QR1003*QRF Quick Release, Std. Height Red Dot Long Mount, Clam*UNCLE MIKES LAW ENFORCEMENT
94092009928*QR1001*QRF Quick Release, Std. Height Red Dot Mount, Clam*UNCLE MIKES LAW ENFORCEMENT
94092011808*MB00708*Matte Marlin 336,30AS Series 1 Piece, Clam*UNCLE MIKES LAW ENFORCEMENT
94092011907*PC00009*Matte Remington 700 Short Action RH 20 MOA, Clam*UNCLE MIKES LAW ENFORCEMENT
94092011952*PC00107*Remington 870 Shotgun Mount Matte Pre-Tapped, Clam*UNCLE MIKES LAW ENFORCEMENT
94092011969*PC00108*Mossberg 500 Shotgun Mount Matte Pre-Tapped, Clam*UNCLE MIKES LAW ENFORCEMENT
94092014144*TP00701*1" Low Matte Tip-Off, .22 Cal Clam*UNCLE MIKES LAW ENFORCEMENT
94092014373*AL00722*1" Extra High Matte AR-15 Flat Top, Clam*UNCLE MIKES LAW ENFORCEMENT
94092014953*DT00701*1" Low Matte Detachable, Clam*UNCLE MIKES LAW ENFORCEMENT
94092014960*DT00702*1" Medium Matte Detachable , Clam*UNCLE MIKES LAW ENFORCEMENT
94092014977*DT00703*1" High Matte Detachable, Clam*UNCLE MIKES LAW ENFORCEMENT
94092014991*DT00902*1" Medium Silver Detachable , Clam*UNCLE MIKES LAW ENFORCEMENT
94092016254*DT00708*22 Cal Medium Matte Detachable , Clam*UNCLE MIKES LAW ENFORCEMENT
94092016261*DT00709*22 Cal High Matte Detachable , Clam*UNCLE MIKES LAW ENFORCEMENT
94092016308*DT00714*30mm High Matte Tactical Detachable, Clam*UNCLE MIKES LAW ENFORCEMENT
94092016346*DT00706*30mm High Matte Detachable , Clam*UNCLE MIKES LAW ENFORCEMENT
94092016391*BK81001*4-16x50 TRS-1 Matte Tactical 30mm Tube Illuminated Mil Dot Bar, Box*UNCLE MIKES LAW ENFORCEMENT
94092016650*DT00715*30mm Medium Matte Tactical Detachable, Clam*UNCLE MIKES LAW ENFORCEMENT
94092016728*BK81004*6-25x56 LRS Matte Tactical 35mm Tube Rings Mil Dot Bar, Box*UNCLE MIKES LAW ENFORCEMENT
94092016872*DT00713*30mm Low Matte Tactical Detachable, Clam*UNCLE MIKES LAW ENFORCEMENT
94092017015*BK81006*6-25x56 LRS-1 Matte Illuminate Side Focus 35mm Tube .25 MOA w/rings,Box*UNCLE MIKES LAW ENFORCEMENT
94092018142*CP71111*1" Med Matte Winchester 70*UNCLE MIKES LAW ENFORCEMENT
94092018180*DT00031*One Piece Scope Mount 1" to 30mm, Clam*UNCLE MIKES LAW ENFORCEMENT
94092018203*DT00724*35mm Low Matte Tactical,Detachable, Clam*UNCLE MIKES LAW ENFORCEMENT
94092018210*DT00725*35mm Medium Matte Tactical,Detachable, Clam*UNCLE MIKES LAW ENFORCEMENT
94092018227*DT00726*35mm High Matte Tactical,Detachable, Clam*UNCLE MIKES LAW ENFORCEMENT
94092020022*TRD2001*1x M-Pulse Matte 5 Red Dot, Rise Block, Box*UNCLE MIKES LAW ENFORCEMENT
94092061421*PC00001*Matte Remington 700 Short Action RH, Clam*UNCLE MIKES LAW ENFORCEMENT
94092071024*BK81007*6-25x56 LRS-1 Matte Illuminate Side Focus 35mm Tube .1mil w/rings, Box*UNCLE MIKES LAW ENFORCEMENT
94092103015*TRD1X30*1x 30 M-Force 5 MOA Dot Matte, Red Dot, Box*UNCLE MIKES LAW ENFORCEMENT
94092814249*BK81424*1-4x 24 Millett DMS - 1 Matte, Riflescope Illuminated Donut Dot, Box*UNCLE MIKES LAW ENFORCEMENT
94092816243*BK81624*1-6x 24 Millett DMS -2, Riflescope Illuminated BDC, Box*UNCLE MIKES LAW ENFORCEMENT
94092914154*9108130908*Event Banner, Loose*UNCLE MIKES LAW ENFORCEMENT
94092914871*9108740109*Millett Riflescope Display*UNCLE MIKES LAW ENFORCEMENT
94092915601*9109431109*Millett Rings & Bases Blade*UNCLE MIKES LAW ENFORCEMENT
