29757331953*433195*One Shot Blind  MAX5, Box*FINAL APPROACH
29757318954*431895*Express MAX5, Box*FINAL APPROACH
29757431004*431845*Express MO Blades, Box*FINAL APPROACH
29757324955*432495*X2 MAX5, Box*FINAL APPROACH
29757432445*432445*X2 MO Blades, Box*FINAL APPROACH
29757329950*432995*Pack N Go SUB MAX5, Box*FINAL APPROACH
029757432940*432945*Pack N Go SUB Mossy Oak Blades, Box*FINAL APPROACH
29757327956*432795*Pro Guide XL MAX5, Box*FINAL APPROACH
29757046635*466205*UpNAtEm Blind Seat,Field Brown, Box*FINAL APPROACH
28752015639*436435*Deluxe Goose Flag Canada, Poly, Bag*FINAL APPROACH
28752017817*458900*Pro Guide XL White Snow Cover, Box*FINAL APPROACH
28752014984*436400*Double Trouble Goose Flag,Canada/Camo w/ Flag Bag, Poly Bag*FINAL APPROACH
28752017916*474170*Last Pass HD Honker,Full Body Field 6 Pack Starter Pack, Box*FINAL APPROACH
28752017923*474180*Last Pass HD Honker,Full Body Field 4 Pack Feeder, Box*FINAL APPROACH
029757474421*474174*Last Pass HD Lesser Canada,Full Body Field Outfitters 6 pack, Box*FINAL APPROACH
029757474032*474192*Last Pass HD Snow Goose,Full Body Field Outfitters 6 Pack  , Box*FINAL APPROACH
29757043436*474165*Last Pass HD Honker Shells,12 Pack, Box*FINAL APPROACH
29757741882*474188*Last Pass HD Snow Goose, Shells Pack Outfitters 12 Pack, Box*FINAL APPROACH
29757043412*474151*Last Pass HD Honker Floating,6 Pack Active, Box*FINAL APPROACH
29757474162*474156*Last Pass HD Snow Goose, Floating 4 Pack, Box*FINAL APPROACH
29757020062*474161*Standard Size Canada Floater,6 pack, Box*FINAL APPROACH
28752017930*474230*Gunner HD Mallard, Full Body Field 6 Pack Starter Pack, Box*FINAL APPROACH
28752017978*474270*Gunner HD Mallard Floating,6 Pack, Box*FINAL APPROACH
29757458391*474350*Gunner HD Wood Duck Floating,6 Pack, Box*FINAL APPROACH
29757020055*475005*FA Mallard Special 12 pk, Box*FINAL APPROACH
029757585950*458595*Large Layout Blind Bag (MAX5 & MOB)*FINAL APPROACH
29757585455*458545*Large Layout Blind Bag, Mossy Oak Blades*FINAL APPROACH
029757584953*458495*Large Floating Blind Bag MAX5*FINAL APPROACH
29757584458*458445*Large Floating Blind Bag, Mossy Oak Blades*FINAL APPROACH
029757575951*457595*Medium Backpack MAX5*FINAL APPROACH
29757575968*457596*Medium Backpack Mossy, Oak Blades*FINAL APPROACH
28752018005*438170*Full body goose decoy bag (6 slot)*FINAL APPROACH
28752050081*438050*Wide Mouth decoy bag*FINAL APPROACH
29757458421*469590*Nylon Mesh decoy bag*FINAL APPROACH
029757483959*448395*Feather Weight Sling with swivels MAX 5*FINAL APPROACH
029757483454*448345*Feather Weight Sling with swivels MO Blades*FINAL APPROACH
